<?xml version="1.0" encoding="UTF-8"?>
<kml xmlns="http://www.opengis.net/kml/2.2" xmlns:gx="http://www.google.com/kml/ext/2.2" xmlns:kml="http://www.opengis.net/kml/2.2" xmlns:atom="http://www.w3.org/2005/Atom">
<Document>
	<name>CARMO.kmz</name>
	<open>1</open>
	<atom:link rel="app" href="https://www.google.com/earth/about/versions/#earth-pro" title="Google Earth Pro 7.3.7.1327"></atom:link>
	<StyleMap id="msn_ylw-pushpin00000">
		<Pair>
			<key>normal</key>
			<styleUrl>#sn_ylw-pushpin151</styleUrl>
		</Pair>
		<Pair>
			<key>highlight</key>
			<styleUrl>#sh_ylw-pushpin2101</styleUrl>
		</Pair>
	</StyleMap>
	<StyleMap id="msn_ylw-pushpin0001">
		<Pair>
			<key>normal</key>
			<styleUrl>#sn_ylw-pushpin4000</styleUrl>
		</Pair>
		<Pair>
			<key>highlight</key>
			<styleUrl>#sh_ylw-pushpin200</styleUrl>
		</Pair>
	</StyleMap>
	<StyleMap id="msn_ylw-pushpin0010">
		<Pair>
			<key>normal</key>
			<styleUrl>#sn_ylw-pushpin402</styleUrl>
		</Pair>
		<Pair>
			<key>highlight</key>
			<styleUrl>#sh_ylw-pushpin541</styleUrl>
		</Pair>
	</StyleMap>
	<StyleMap id="msn_ylw-pushpin003">
		<Pair>
			<key>normal</key>
			<styleUrl>#sn_ylw-pushpin61</styleUrl>
		</Pair>
		<Pair>
			<key>highlight</key>
			<styleUrl>#sh_ylw-pushpin00</styleUrl>
		</Pair>
	</StyleMap>
	<StyleMap id="msn_ylw-pushpin04">
		<Pair>
			<key>normal</key>
			<styleUrl>#sn_ylw-pushpin602</styleUrl>
		</Pair>
		<Pair>
			<key>highlight</key>
			<styleUrl>#sh_ylw-pushpin14</styleUrl>
		</Pair>
	</StyleMap>
	<StyleMap id="msn_ylw-pushpin1">
		<Pair>
			<key>normal</key>
			<styleUrl>#sn_ylw-pushpin0</styleUrl>
		</Pair>
		<Pair>
			<key>highlight</key>
			<styleUrl>#sh_ylw-pushpin3</styleUrl>
		</Pair>
	</StyleMap>
	<StyleMap id="msn_ylw-pushpin1211">
		<Pair>
			<key>normal</key>
			<styleUrl>#sn_ylw-pushpin300</styleUrl>
		</Pair>
		<Pair>
			<key>highlight</key>
			<styleUrl>#sh_ylw-pushpin012</styleUrl>
		</Pair>
	</StyleMap>
	<StyleMap id="msn_ylw-pushpin131">
		<Pair>
			<key>normal</key>
			<styleUrl>#sn_ylw-pushpin6010</styleUrl>
		</Pair>
		<Pair>
			<key>highlight</key>
			<styleUrl>#sh_ylw-pushpin1800</styleUrl>
		</Pair>
	</StyleMap>
	<StyleMap id="msn_ylw-pushpin141">
		<Pair>
			<key>normal</key>
			<styleUrl>#sn_ylw-pushpin1010</styleUrl>
		</Pair>
		<Pair>
			<key>highlight</key>
			<styleUrl>#sh_ylw-pushpin1011</styleUrl>
		</Pair>
	</StyleMap>
	<StyleMap id="msn_ylw-pushpin1801">
		<Pair>
			<key>normal</key>
			<styleUrl>#sn_ylw-pushpin91</styleUrl>
		</Pair>
		<Pair>
			<key>highlight</key>
			<styleUrl>#sh_ylw-pushpin0100</styleUrl>
		</Pair>
	</StyleMap>
	<StyleMap id="msn_ylw-pushpin191">
		<Pair>
			<key>normal</key>
			<styleUrl>#sn_ylw-pushpin1001</styleUrl>
		</Pair>
		<Pair>
			<key>highlight</key>
			<styleUrl>#sh_ylw-pushpin241</styleUrl>
		</Pair>
	</StyleMap>
	<StyleMap id="msn_ylw-pushpin20">
		<Pair>
			<key>normal</key>
			<styleUrl>#sn_ylw-pushpin172</styleUrl>
		</Pair>
		<Pair>
			<key>highlight</key>
			<styleUrl>#sh_ylw-pushpin30000</styleUrl>
		</Pair>
	</StyleMap>
	<StyleMap id="msn_ylw-pushpin21">
		<Pair>
			<key>normal</key>
			<styleUrl>#sn_ylw-pushpin1020</styleUrl>
		</Pair>
		<Pair>
			<key>highlight</key>
			<styleUrl>#sh_ylw-pushpin3001</styleUrl>
		</Pair>
	</StyleMap>
	<StyleMap id="msn_ylw-pushpin21001">
		<Pair>
			<key>normal</key>
			<styleUrl>#sn_ylw-pushpin132</styleUrl>
		</Pair>
		<Pair>
			<key>highlight</key>
			<styleUrl>#sh_ylw-pushpin120</styleUrl>
		</Pair>
	</StyleMap>
	<StyleMap id="msn_ylw-pushpin2110">
		<Pair>
			<key>normal</key>
			<styleUrl>#sn_ylw-pushpin10</styleUrl>
		</Pair>
		<Pair>
			<key>highlight</key>
			<styleUrl>#sh_ylw-pushpin31</styleUrl>
		</Pair>
	</StyleMap>
	<StyleMap id="msn_ylw-pushpin222">
		<Pair>
			<key>normal</key>
			<styleUrl>#sn_ylw-pushpin210</styleUrl>
		</Pair>
		<Pair>
			<key>highlight</key>
			<styleUrl>#sh_ylw-pushpin215</styleUrl>
		</Pair>
	</StyleMap>
	<StyleMap id="msn_ylw-pushpin2301">
		<Pair>
			<key>normal</key>
			<styleUrl>#sn_ylw-pushpin52</styleUrl>
		</Pair>
		<Pair>
			<key>highlight</key>
			<styleUrl>#sh_ylw-pushpin222</styleUrl>
		</Pair>
	</StyleMap>
	<StyleMap id="msn_ylw-pushpin232">
		<Pair>
			<key>normal</key>
			<styleUrl>#sn_ylw-pushpin510</styleUrl>
		</Pair>
		<Pair>
			<key>highlight</key>
			<styleUrl>#sh_ylw-pushpin214</styleUrl>
		</Pair>
	</StyleMap>
	<StyleMap id="msn_ylw-pushpin242">
		<Pair>
			<key>normal</key>
			<styleUrl>#sn_ylw-pushpin313</styleUrl>
		</Pair>
		<Pair>
			<key>highlight</key>
			<styleUrl>#sh_ylw-pushpin114</styleUrl>
		</Pair>
	</StyleMap>
	<StyleMap id="msn_ylw-pushpin300">
		<Pair>
			<key>normal</key>
			<styleUrl>#sn_ylw-pushpin1400</styleUrl>
		</Pair>
		<Pair>
			<key>highlight</key>
			<styleUrl>#sh_ylw-pushpin801</styleUrl>
		</Pair>
	</StyleMap>
	<StyleMap id="msn_ylw-pushpin311">
		<Pair>
			<key>normal</key>
			<styleUrl>#sn_ylw-pushpin123</styleUrl>
		</Pair>
		<Pair>
			<key>highlight</key>
			<styleUrl>#sh_ylw-pushpin82</styleUrl>
		</Pair>
	</StyleMap>
	<StyleMap id="msn_ylw-pushpin54">
		<Pair>
			<key>normal</key>
			<styleUrl>#sn_ylw-pushpin010</styleUrl>
		</Pair>
		<Pair>
			<key>highlight</key>
			<styleUrl>#sh_ylw-pushpin610</styleUrl>
		</Pair>
	</StyleMap>
	<StyleMap id="msn_ylw-pushpin6000">
		<Pair>
			<key>normal</key>
			<styleUrl>#sn_ylw-pushpin0001</styleUrl>
		</Pair>
		<Pair>
			<key>highlight</key>
			<styleUrl>#sh_ylw-pushpin1111</styleUrl>
		</Pair>
	</StyleMap>
	<StyleMap id="msn_ylw-pushpin620">
		<Pair>
			<key>normal</key>
			<styleUrl>#sn_ylw-pushpin1701</styleUrl>
		</Pair>
		<Pair>
			<key>highlight</key>
			<styleUrl>#sh_ylw-pushpin131</styleUrl>
		</Pair>
	</StyleMap>
	<StyleMap id="msn_ylw-pushpin700">
		<Pair>
			<key>normal</key>
			<styleUrl>#sn_ylw-pushpin312</styleUrl>
		</Pair>
		<Pair>
			<key>highlight</key>
			<styleUrl>#sh_ylw-pushpin411</styleUrl>
		</Pair>
	</StyleMap>
	<StyleMap id="msn_ylw-pushpin71">
		<Pair>
			<key>normal</key>
			<styleUrl>#sn_ylw-pushpin6001</styleUrl>
		</Pair>
		<Pair>
			<key>highlight</key>
			<styleUrl>#sh_ylw-pushpin182</styleUrl>
		</Pair>
	</StyleMap>
	<Style id="sh_ylw-pushpin00">
		<IconStyle>
			<scale>1.3</scale>
			<Icon>
				<href>http://maps.google.com/mapfiles/kml/pushpin/ylw-pushpin.png</href>
			</Icon>
			<hotSpot x="20" y="2" xunits="pixels" yunits="pixels"/>
		</IconStyle>
		<BalloonStyle>
			<text>kjjkjjj j jljl</text>
		</BalloonStyle>
		<LineStyle>
			<color>ff7f55aa</color>
			<width>5</width>
		</LineStyle>
		<PolyStyle>
			<color>337f55aa</color>
		</PolyStyle>
	</Style>
	<Style id="sh_ylw-pushpin0100">
		<IconStyle>
			<scale>1.3</scale>
			<Icon>
				<href>http://maps.google.com/mapfiles/kml/pushpin/ylw-pushpin.png</href>
			</Icon>
			<hotSpot x="20" y="2" xunits="pixels" yunits="pixels"/>
		</IconStyle>
		<LineStyle>
			<color>ffffff00</color>
			<width>5</width>
		</LineStyle>
		<PolyStyle>
			<color>33ffff00</color>
		</PolyStyle>
	</Style>
	<Style id="sh_ylw-pushpin012">
		<IconStyle>
			<scale>1.3</scale>
			<Icon>
				<href>http://maps.google.com/mapfiles/kml/pushpin/ylw-pushpin.png</href>
			</Icon>
			<hotSpot x="20" y="2" xunits="pixels" yunits="pixels"/>
		</IconStyle>
		<LineStyle>
			<color>ff7faa00</color>
			<width>5</width>
		</LineStyle>
		<PolyStyle>
			<color>337faa00</color>
		</PolyStyle>
	</Style>
	<Style id="sh_ylw-pushpin1011">
		<IconStyle>
			<color>b3ffffff</color>
			<scale>1.18182</scale>
			<Icon>
				<href>http://maps.google.com/mapfiles/kml/pushpin/ylw-pushpin.png</href>
			</Icon>
			<hotSpot x="20" y="2" xunits="pixels" yunits="pixels"/>
		</IconStyle>
		<LabelStyle>
			<scale>0.9</scale>
		</LabelStyle>
		<LineStyle>
			<color>ff00ffff</color>
			<width>10</width>
		</LineStyle>
		<PolyStyle>
			<color>6600ffff</color>
		</PolyStyle>
	</Style>
	<Style id="sh_ylw-pushpin1111">
		<IconStyle>
			<color>1a00ffff</color>
			<scale>0.709092</scale>
			<Icon>
				<href>http://maps.google.com/mapfiles/kml/pushpin/ylw-pushpin.png</href>
			</Icon>
			<hotSpot x="20" y="2" xunits="pixels" yunits="pixels"/>
		</IconStyle>
		<LabelStyle>
			<scale>1.1</scale>
		</LabelStyle>
		<LineStyle>
			<color>ffffaa00</color>
			<width>5</width>
		</LineStyle>
		<PolyStyle>
			<color>33ffaa00</color>
		</PolyStyle>
	</Style>
	<Style id="sh_ylw-pushpin114">
		<IconStyle>
			<scale>1.3</scale>
			<Icon>
				<href>http://maps.google.com/mapfiles/kml/pushpin/ylw-pushpin.png</href>
			</Icon>
			<hotSpot x="20" y="2" xunits="pixels" yunits="pixels"/>
		</IconStyle>
		<LineStyle>
			<color>ff7fffff</color>
			<width>5</width>
		</LineStyle>
		<PolyStyle>
			<color>337fffff</color>
		</PolyStyle>
	</Style>
	<Style id="sh_ylw-pushpin120">
		<IconStyle>
			<scale>1.3</scale>
			<Icon>
				<href>http://maps.google.com/mapfiles/kml/pushpin/ylw-pushpin.png</href>
			</Icon>
			<hotSpot x="20" y="2" xunits="pixels" yunits="pixels"/>
		</IconStyle>
		<LineStyle>
			<color>ff7faa00</color>
			<width>5</width>
		</LineStyle>
		<PolyStyle>
			<color>337faa00</color>
		</PolyStyle>
	</Style>
	<Style id="sh_ylw-pushpin131">
		<IconStyle>
			<scale>1.3</scale>
			<Icon>
				<href>http://maps.google.com/mapfiles/kml/pushpin/ylw-pushpin.png</href>
			</Icon>
			<hotSpot x="20" y="2" xunits="pixels" yunits="pixels"/>
		</IconStyle>
		<LineStyle>
			<color>ff00ffaa</color>
			<width>5</width>
		</LineStyle>
		<PolyStyle>
			<color>3300ffaa</color>
		</PolyStyle>
	</Style>
	<Style id="sh_ylw-pushpin14">
		<IconStyle>
			<scale>1.3</scale>
			<Icon>
				<href>http://maps.google.com/mapfiles/kml/pushpin/ylw-pushpin.png</href>
			</Icon>
			<hotSpot x="20" y="2" xunits="pixels" yunits="pixels"/>
		</IconStyle>
		<BalloonStyle>
			<text>kjjkjjj j jljl</text>
		</BalloonStyle>
		<LineStyle>
			<color>ff7f55aa</color>
			<width>5</width>
		</LineStyle>
		<PolyStyle>
			<color>337f55aa</color>
		</PolyStyle>
	</Style>
	<Style id="sh_ylw-pushpin1800">
		<IconStyle>
			<scale>1.3</scale>
			<Icon>
				<href>http://maps.google.com/mapfiles/kml/pushpin/ylw-pushpin.png</href>
			</Icon>
			<hotSpot x="20" y="2" xunits="pixels" yunits="pixels"/>
		</IconStyle>
		<LineStyle>
			<color>ff005500</color>
			<width>5</width>
		</LineStyle>
		<PolyStyle>
			<color>4d005500</color>
		</PolyStyle>
	</Style>
	<Style id="sh_ylw-pushpin182">
		<IconStyle>
			<scale>1.3</scale>
			<Icon>
				<href>http://maps.google.com/mapfiles/kml/pushpin/ylw-pushpin.png</href>
			</Icon>
			<hotSpot x="20" y="2" xunits="pixels" yunits="pixels"/>
		</IconStyle>
		<LineStyle>
			<color>ff005500</color>
			<width>5</width>
		</LineStyle>
		<PolyStyle>
			<color>4d005500</color>
		</PolyStyle>
	</Style>
	<Style id="sh_ylw-pushpin200">
		<IconStyle>
			<scale>1.3</scale>
			<Icon>
				<href>http://maps.google.com/mapfiles/kml/pushpin/ylw-pushpin.png</href>
			</Icon>
			<hotSpot x="20" y="2" xunits="pixels" yunits="pixels"/>
		</IconStyle>
		<LineStyle>
			<width>5</width>
		</LineStyle>
		<PolyStyle>
			<fill>0</fill>
		</PolyStyle>
	</Style>
	<Style id="sh_ylw-pushpin2101">
		<IconStyle>
			<scale>1.3</scale>
			<Icon>
				<href>http://maps.google.com/mapfiles/kml/pushpin/ylw-pushpin.png</href>
			</Icon>
			<hotSpot x="20" y="2" xunits="pixels" yunits="pixels"/>
		</IconStyle>
		<LineStyle>
			<color>ffffff00</color>
			<width>5</width>
		</LineStyle>
		<PolyStyle>
			<color>33ffff00</color>
		</PolyStyle>
	</Style>
	<Style id="sh_ylw-pushpin214">
		<IconStyle>
			<scale>1.3</scale>
			<Icon>
				<href>http://maps.google.com/mapfiles/kml/pushpin/ylw-pushpin.png</href>
			</Icon>
			<hotSpot x="20" y="2" xunits="pixels" yunits="pixels"/>
		</IconStyle>
		<LineStyle>
			<color>ff7faa00</color>
			<width>5</width>
		</LineStyle>
		<PolyStyle>
			<color>337faa00</color>
		</PolyStyle>
	</Style>
	<Style id="sh_ylw-pushpin215">
		<IconStyle>
			<scale>1.3</scale>
			<Icon>
				<href>http://maps.google.com/mapfiles/kml/pushpin/ylw-pushpin.png</href>
			</Icon>
			<hotSpot x="20" y="2" xunits="pixels" yunits="pixels"/>
		</IconStyle>
		<LineStyle>
			<color>ffffff00</color>
			<width>5</width>
		</LineStyle>
		<PolyStyle>
			<color>33ffff00</color>
		</PolyStyle>
	</Style>
	<Style id="sh_ylw-pushpin222">
		<IconStyle>
			<scale>1.3</scale>
			<Icon>
				<href>http://maps.google.com/mapfiles/kml/pushpin/ylw-pushpin.png</href>
			</Icon>
			<hotSpot x="20" y="2" xunits="pixels" yunits="pixels"/>
		</IconStyle>
		<LineStyle>
			<color>ff7faa00</color>
			<width>5</width>
		</LineStyle>
		<PolyStyle>
			<color>337faa00</color>
		</PolyStyle>
	</Style>
	<Style id="sh_ylw-pushpin241">
		<IconStyle>
			<scale>1.3</scale>
			<Icon>
				<href>http://maps.google.com/mapfiles/kml/pushpin/ylw-pushpin.png</href>
			</Icon>
			<hotSpot x="20" y="2" xunits="pixels" yunits="pixels"/>
		</IconStyle>
		<LineStyle>
			<color>ffffaaaa</color>
			<width>5</width>
		</LineStyle>
		<PolyStyle>
			<color>33ffaaaa</color>
		</PolyStyle>
	</Style>
	<Style id="sh_ylw-pushpin3">
		<IconStyle>
			<scale>1.3</scale>
			<Icon>
				<href>http://maps.google.com/mapfiles/kml/pushpin/ylw-pushpin.png</href>
			</Icon>
			<hotSpot x="20" y="2" xunits="pixels" yunits="pixels"/>
		</IconStyle>
		<LineStyle>
			<color>ff7f55aa</color>
			<width>5</width>
		</LineStyle>
		<PolyStyle>
			<color>337f55aa</color>
		</PolyStyle>
	</Style>
	<Style id="sh_ylw-pushpin30000">
		<IconStyle>
			<color>b3ffffff</color>
			<scale>1.18182</scale>
			<Icon>
				<href>http://maps.google.com/mapfiles/kml/pushpin/ylw-pushpin.png</href>
			</Icon>
			<hotSpot x="20" y="2" xunits="pixels" yunits="pixels"/>
		</IconStyle>
		<LabelStyle>
			<scale>0.9</scale>
		</LabelStyle>
		<LineStyle>
			<color>ff00aaff</color>
			<width>10</width>
		</LineStyle>
		<PolyStyle>
			<color>6600aaff</color>
		</PolyStyle>
	</Style>
	<Style id="sh_ylw-pushpin3001">
		<IconStyle>
			<scale>0.118182</scale>
			<Icon>
				<href>http://maps.google.com/mapfiles/kml/pushpin/ylw-pushpin.png</href>
			</Icon>
			<hotSpot x="20" y="2" xunits="pixels" yunits="pixels"/>
		</IconStyle>
		<LineStyle>
			<color>ff8aafff</color>
			<width>5</width>
		</LineStyle>
		<PolyStyle>
			<color>338aafff</color>
		</PolyStyle>
	</Style>
	<Style id="sh_ylw-pushpin31">
		<IconStyle>
			<scale>0.118182</scale>
			<Icon>
				<href>http://maps.google.com/mapfiles/kml/pushpin/ylw-pushpin.png</href>
			</Icon>
			<hotSpot x="20" y="2" xunits="pixels" yunits="pixels"/>
		</IconStyle>
		<LineStyle>
			<color>ff8aafff</color>
			<width>5</width>
		</LineStyle>
		<PolyStyle>
			<color>338aafff</color>
		</PolyStyle>
	</Style>
	<Style id="sh_ylw-pushpin411">
		<IconStyle>
			<color>b3ffffff</color>
			<scale>1.18182</scale>
			<Icon>
				<href>http://maps.google.com/mapfiles/kml/pushpin/ylw-pushpin.png</href>
			</Icon>
			<hotSpot x="20" y="2" xunits="pixels" yunits="pixels"/>
		</IconStyle>
		<LabelStyle>
			<scale>0.9</scale>
		</LabelStyle>
		<LineStyle>
			<color>ff00aa00</color>
			<width>10</width>
		</LineStyle>
		<PolyStyle>
			<color>6600aa00</color>
		</PolyStyle>
	</Style>
	<Style id="sh_ylw-pushpin541">
		<IconStyle>
			<scale>1.3</scale>
			<Icon>
				<href>http://maps.google.com/mapfiles/kml/pushpin/ylw-pushpin.png</href>
			</Icon>
			<hotSpot x="20" y="2" xunits="pixels" yunits="pixels"/>
		</IconStyle>
		<LineStyle>
			<color>ff005500</color>
			<width>5</width>
		</LineStyle>
		<PolyStyle>
			<color>5c005500</color>
		</PolyStyle>
	</Style>
	<Style id="sh_ylw-pushpin610">
		<IconStyle>
			<color>b3ffffff</color>
			<scale>1.18182</scale>
			<Icon>
				<href>http://maps.google.com/mapfiles/kml/pushpin/ylw-pushpin.png</href>
			</Icon>
			<hotSpot x="20" y="2" xunits="pixels" yunits="pixels"/>
		</IconStyle>
		<LabelStyle>
			<scale>0.9</scale>
		</LabelStyle>
		<LineStyle>
			<color>ffff00aa</color>
			<width>10</width>
		</LineStyle>
		<PolyStyle>
			<color>66ff00aa</color>
		</PolyStyle>
	</Style>
	<Style id="sh_ylw-pushpin801">
		<IconStyle>
			<color>b3ffffff</color>
			<scale>1.18182</scale>
			<Icon>
				<href>http://maps.google.com/mapfiles/kml/pushpin/ylw-pushpin.png</href>
			</Icon>
			<hotSpot x="20" y="2" xunits="pixels" yunits="pixels"/>
		</IconStyle>
		<LabelStyle>
			<scale>0.9</scale>
		</LabelStyle>
		<LineStyle>
			<color>ffff0000</color>
			<width>10</width>
		</LineStyle>
		<PolyStyle>
			<color>66ff0000</color>
		</PolyStyle>
	</Style>
	<Style id="sh_ylw-pushpin82">
		<IconStyle>
			<scale>1.3</scale>
			<Icon>
				<href>http://maps.google.com/mapfiles/kml/pushpin/ylw-pushpin.png</href>
			</Icon>
			<hotSpot x="20" y="2" xunits="pixels" yunits="pixels"/>
		</IconStyle>
		<LineStyle>
			<color>ff7faa00</color>
			<width>5</width>
		</LineStyle>
		<PolyStyle>
			<color>337faa00</color>
		</PolyStyle>
	</Style>
	<Style id="sn_ylw-pushpin0">
		<IconStyle>
			<scale>1.1</scale>
			<Icon>
				<href>http://maps.google.com/mapfiles/kml/pushpin/ylw-pushpin.png</href>
			</Icon>
			<hotSpot x="20" y="2" xunits="pixels" yunits="pixels"/>
		</IconStyle>
		<LineStyle>
			<color>ff7f55aa</color>
			<width>5</width>
		</LineStyle>
		<PolyStyle>
			<color>337f55aa</color>
		</PolyStyle>
	</Style>
	<Style id="sn_ylw-pushpin0001">
		<IconStyle>
			<color>1a00ffff</color>
			<scale>0.6</scale>
			<Icon>
				<href>http://maps.google.com/mapfiles/kml/pushpin/ylw-pushpin.png</href>
			</Icon>
			<hotSpot x="20" y="2" xunits="pixels" yunits="pixels"/>
		</IconStyle>
		<LabelStyle>
			<scale>1.1</scale>
		</LabelStyle>
		<LineStyle>
			<color>ffffaa00</color>
			<width>5</width>
		</LineStyle>
		<PolyStyle>
			<color>33ffaa00</color>
		</PolyStyle>
	</Style>
	<Style id="sn_ylw-pushpin010">
		<IconStyle>
			<color>b3ffffff</color>
			<Icon>
				<href>http://maps.google.com/mapfiles/kml/pushpin/ylw-pushpin.png</href>
			</Icon>
			<hotSpot x="20" y="2" xunits="pixels" yunits="pixels"/>
		</IconStyle>
		<LabelStyle>
			<scale>0.9</scale>
		</LabelStyle>
		<LineStyle>
			<color>ffff00aa</color>
			<width>10</width>
		</LineStyle>
		<PolyStyle>
			<color>66ff00aa</color>
		</PolyStyle>
	</Style>
	<Style id="sn_ylw-pushpin10">
		<IconStyle>
			<scale>0.1</scale>
			<Icon>
				<href>http://maps.google.com/mapfiles/kml/pushpin/ylw-pushpin.png</href>
			</Icon>
			<hotSpot x="20" y="2" xunits="pixels" yunits="pixels"/>
		</IconStyle>
		<LineStyle>
			<color>ff8aafff</color>
			<width>5</width>
		</LineStyle>
		<PolyStyle>
			<color>338aafff</color>
		</PolyStyle>
	</Style>
	<Style id="sn_ylw-pushpin1001">
		<IconStyle>
			<scale>1.1</scale>
			<Icon>
				<href>http://maps.google.com/mapfiles/kml/pushpin/ylw-pushpin.png</href>
			</Icon>
			<hotSpot x="20" y="2" xunits="pixels" yunits="pixels"/>
		</IconStyle>
		<LineStyle>
			<color>ffffaaaa</color>
			<width>5</width>
		</LineStyle>
		<PolyStyle>
			<color>33ffaaaa</color>
		</PolyStyle>
	</Style>
	<Style id="sn_ylw-pushpin1010">
		<IconStyle>
			<color>b3ffffff</color>
			<Icon>
				<href>http://maps.google.com/mapfiles/kml/pushpin/ylw-pushpin.png</href>
			</Icon>
			<hotSpot x="20" y="2" xunits="pixels" yunits="pixels"/>
		</IconStyle>
		<LabelStyle>
			<scale>0.9</scale>
		</LabelStyle>
		<LineStyle>
			<color>ff00ffff</color>
			<width>10</width>
		</LineStyle>
		<PolyStyle>
			<color>6600ffff</color>
		</PolyStyle>
	</Style>
	<Style id="sn_ylw-pushpin1020">
		<IconStyle>
			<scale>0.1</scale>
			<Icon>
				<href>http://maps.google.com/mapfiles/kml/pushpin/ylw-pushpin.png</href>
			</Icon>
			<hotSpot x="20" y="2" xunits="pixels" yunits="pixels"/>
		</IconStyle>
		<LineStyle>
			<color>ff8aafff</color>
			<width>5</width>
		</LineStyle>
		<PolyStyle>
			<color>338aafff</color>
		</PolyStyle>
	</Style>
	<Style id="sn_ylw-pushpin123">
		<IconStyle>
			<scale>1.1</scale>
			<Icon>
				<href>http://maps.google.com/mapfiles/kml/pushpin/ylw-pushpin.png</href>
			</Icon>
			<hotSpot x="20" y="2" xunits="pixels" yunits="pixels"/>
		</IconStyle>
		<LineStyle>
			<color>ff7faa00</color>
			<width>5</width>
		</LineStyle>
		<PolyStyle>
			<color>337faa00</color>
		</PolyStyle>
	</Style>
	<Style id="sn_ylw-pushpin132">
		<IconStyle>
			<scale>1.1</scale>
			<Icon>
				<href>http://maps.google.com/mapfiles/kml/pushpin/ylw-pushpin.png</href>
			</Icon>
			<hotSpot x="20" y="2" xunits="pixels" yunits="pixels"/>
		</IconStyle>
		<LineStyle>
			<color>ff7faa00</color>
			<width>5</width>
		</LineStyle>
		<PolyStyle>
			<color>337faa00</color>
		</PolyStyle>
	</Style>
	<Style id="sn_ylw-pushpin1400">
		<IconStyle>
			<color>b3ffffff</color>
			<Icon>
				<href>http://maps.google.com/mapfiles/kml/pushpin/ylw-pushpin.png</href>
			</Icon>
			<hotSpot x="20" y="2" xunits="pixels" yunits="pixels"/>
		</IconStyle>
		<LabelStyle>
			<scale>0.9</scale>
		</LabelStyle>
		<LineStyle>
			<color>ffff0000</color>
			<width>10</width>
		</LineStyle>
		<PolyStyle>
			<color>66ff0000</color>
		</PolyStyle>
	</Style>
	<Style id="sn_ylw-pushpin151">
		<IconStyle>
			<scale>1.1</scale>
			<Icon>
				<href>http://maps.google.com/mapfiles/kml/pushpin/ylw-pushpin.png</href>
			</Icon>
			<hotSpot x="20" y="2" xunits="pixels" yunits="pixels"/>
		</IconStyle>
		<LineStyle>
			<color>ffffff00</color>
			<width>5</width>
		</LineStyle>
		<PolyStyle>
			<color>33ffff00</color>
		</PolyStyle>
	</Style>
	<Style id="sn_ylw-pushpin1701">
		<IconStyle>
			<scale>1.1</scale>
			<Icon>
				<href>http://maps.google.com/mapfiles/kml/pushpin/ylw-pushpin.png</href>
			</Icon>
			<hotSpot x="20" y="2" xunits="pixels" yunits="pixels"/>
		</IconStyle>
		<LineStyle>
			<color>ff00ffaa</color>
			<width>5</width>
		</LineStyle>
		<PolyStyle>
			<color>3300ffaa</color>
		</PolyStyle>
	</Style>
	<Style id="sn_ylw-pushpin172">
		<IconStyle>
			<color>b3ffffff</color>
			<Icon>
				<href>http://maps.google.com/mapfiles/kml/pushpin/ylw-pushpin.png</href>
			</Icon>
			<hotSpot x="20" y="2" xunits="pixels" yunits="pixels"/>
		</IconStyle>
		<LabelStyle>
			<scale>0.9</scale>
		</LabelStyle>
		<LineStyle>
			<color>ff00aaff</color>
			<width>10</width>
		</LineStyle>
		<PolyStyle>
			<color>6600aaff</color>
		</PolyStyle>
	</Style>
	<Style id="sn_ylw-pushpin210">
		<IconStyle>
			<scale>1.1</scale>
			<Icon>
				<href>http://maps.google.com/mapfiles/kml/pushpin/ylw-pushpin.png</href>
			</Icon>
			<hotSpot x="20" y="2" xunits="pixels" yunits="pixels"/>
		</IconStyle>
		<LineStyle>
			<color>ffffff00</color>
			<width>5</width>
		</LineStyle>
		<PolyStyle>
			<color>33ffff00</color>
		</PolyStyle>
	</Style>
	<Style id="sn_ylw-pushpin300">
		<IconStyle>
			<scale>1.1</scale>
			<Icon>
				<href>http://maps.google.com/mapfiles/kml/pushpin/ylw-pushpin.png</href>
			</Icon>
			<hotSpot x="20" y="2" xunits="pixels" yunits="pixels"/>
		</IconStyle>
		<LineStyle>
			<color>ff7faa00</color>
			<width>5</width>
		</LineStyle>
		<PolyStyle>
			<color>337faa00</color>
		</PolyStyle>
	</Style>
	<Style id="sn_ylw-pushpin312">
		<IconStyle>
			<color>b3ffffff</color>
			<Icon>
				<href>http://maps.google.com/mapfiles/kml/pushpin/ylw-pushpin.png</href>
			</Icon>
			<hotSpot x="20" y="2" xunits="pixels" yunits="pixels"/>
		</IconStyle>
		<LabelStyle>
			<scale>0.9</scale>
		</LabelStyle>
		<LineStyle>
			<color>ff00aa00</color>
			<width>10</width>
		</LineStyle>
		<PolyStyle>
			<color>6600aa00</color>
		</PolyStyle>
	</Style>
	<Style id="sn_ylw-pushpin313">
		<IconStyle>
			<scale>1.1</scale>
			<Icon>
				<href>http://maps.google.com/mapfiles/kml/pushpin/ylw-pushpin.png</href>
			</Icon>
			<hotSpot x="20" y="2" xunits="pixels" yunits="pixels"/>
		</IconStyle>
		<LineStyle>
			<color>ff7fffff</color>
			<width>5</width>
		</LineStyle>
		<PolyStyle>
			<color>337fffff</color>
		</PolyStyle>
	</Style>
	<Style id="sn_ylw-pushpin4000">
		<IconStyle>
			<scale>1.1</scale>
			<Icon>
				<href>http://maps.google.com/mapfiles/kml/pushpin/ylw-pushpin.png</href>
			</Icon>
			<hotSpot x="20" y="2" xunits="pixels" yunits="pixels"/>
		</IconStyle>
		<LineStyle>
			<width>5</width>
		</LineStyle>
		<PolyStyle>
			<fill>0</fill>
		</PolyStyle>
	</Style>
	<Style id="sn_ylw-pushpin402">
		<IconStyle>
			<scale>1.1</scale>
			<Icon>
				<href>http://maps.google.com/mapfiles/kml/pushpin/ylw-pushpin.png</href>
			</Icon>
			<hotSpot x="20" y="2" xunits="pixels" yunits="pixels"/>
		</IconStyle>
		<LineStyle>
			<color>ff005500</color>
			<width>5</width>
		</LineStyle>
		<PolyStyle>
			<color>5c005500</color>
		</PolyStyle>
	</Style>
	<Style id="sn_ylw-pushpin510">
		<IconStyle>
			<scale>1.1</scale>
			<Icon>
				<href>http://maps.google.com/mapfiles/kml/pushpin/ylw-pushpin.png</href>
			</Icon>
			<hotSpot x="20" y="2" xunits="pixels" yunits="pixels"/>
		</IconStyle>
		<LineStyle>
			<color>ff7faa00</color>
			<width>5</width>
		</LineStyle>
		<PolyStyle>
			<color>337faa00</color>
		</PolyStyle>
	</Style>
	<Style id="sn_ylw-pushpin52">
		<IconStyle>
			<scale>1.1</scale>
			<Icon>
				<href>http://maps.google.com/mapfiles/kml/pushpin/ylw-pushpin.png</href>
			</Icon>
			<hotSpot x="20" y="2" xunits="pixels" yunits="pixels"/>
		</IconStyle>
		<LineStyle>
			<color>ff7faa00</color>
			<width>5</width>
		</LineStyle>
		<PolyStyle>
			<color>337faa00</color>
		</PolyStyle>
	</Style>
	<Style id="sn_ylw-pushpin6001">
		<IconStyle>
			<scale>1.1</scale>
			<Icon>
				<href>http://maps.google.com/mapfiles/kml/pushpin/ylw-pushpin.png</href>
			</Icon>
			<hotSpot x="20" y="2" xunits="pixels" yunits="pixels"/>
		</IconStyle>
		<LineStyle>
			<color>ff005500</color>
			<width>5</width>
		</LineStyle>
		<PolyStyle>
			<color>4d005500</color>
		</PolyStyle>
	</Style>
	<Style id="sn_ylw-pushpin6010">
		<IconStyle>
			<scale>1.1</scale>
			<Icon>
				<href>http://maps.google.com/mapfiles/kml/pushpin/ylw-pushpin.png</href>
			</Icon>
			<hotSpot x="20" y="2" xunits="pixels" yunits="pixels"/>
		</IconStyle>
		<LineStyle>
			<color>ff005500</color>
			<width>5</width>
		</LineStyle>
		<PolyStyle>
			<color>4d005500</color>
		</PolyStyle>
	</Style>
	<Style id="sn_ylw-pushpin602">
		<IconStyle>
			<scale>1.1</scale>
			<Icon>
				<href>http://maps.google.com/mapfiles/kml/pushpin/ylw-pushpin.png</href>
			</Icon>
			<hotSpot x="20" y="2" xunits="pixels" yunits="pixels"/>
		</IconStyle>
		<BalloonStyle>
			<text>kjjkjjj j jljl</text>
		</BalloonStyle>
		<LineStyle>
			<color>ff7f55aa</color>
			<width>5</width>
		</LineStyle>
		<PolyStyle>
			<color>337f55aa</color>
		</PolyStyle>
	</Style>
	<Style id="sn_ylw-pushpin61">
		<IconStyle>
			<scale>1.1</scale>
			<Icon>
				<href>http://maps.google.com/mapfiles/kml/pushpin/ylw-pushpin.png</href>
			</Icon>
			<hotSpot x="20" y="2" xunits="pixels" yunits="pixels"/>
		</IconStyle>
		<BalloonStyle>
			<text>kjjkjjj j jljl</text>
		</BalloonStyle>
		<LineStyle>
			<color>ff7f55aa</color>
			<width>5</width>
		</LineStyle>
		<PolyStyle>
			<color>337f55aa</color>
		</PolyStyle>
	</Style>
	<Style id="sn_ylw-pushpin91">
		<IconStyle>
			<scale>1.1</scale>
			<Icon>
				<href>http://maps.google.com/mapfiles/kml/pushpin/ylw-pushpin.png</href>
			</Icon>
			<hotSpot x="20" y="2" xunits="pixels" yunits="pixels"/>
		</IconStyle>
		<LineStyle>
			<color>ffffff00</color>
			<width>5</width>
		</LineStyle>
		<PolyStyle>
			<color>33ffff00</color>
		</PolyStyle>
	</Style>
	<Folder>
		<name>VAL PARAÍSO</name>
		<Placemark>
			<name>Q - 05</name>
			<styleUrl>#msn_ylw-pushpin2110</styleUrl>
			<Polygon>
				<tessellate>1</tessellate>
				<outerBoundaryIs>
					<LinearRing>
						<coordinates>
							-42.61162344765012,-21.93963765659363,0 -42.61182720674251,-21.93951008358923,0 -42.61255742877172,-21.93910129115131,0 -42.61337993501619,-21.93913783927441,0 -42.61392781751065,-21.939237508856,0 -42.61421830795945,-21.93927953527946,0 -42.61445527517441,-21.93942304491427,0 -42.61469070398992,-21.93976213547855,0 -42.61514222961398,-21.94028780147636,0 -42.61532525761073,-21.94116049746828,0 -42.61515570172737,-21.94169315843802,0 -42.61498648973074,-21.94188235126446,0 -42.6145762581815,-21.94211393091131,0 -42.6141325946452,-21.94178321079363,0 -42.61303526202659,-21.94210539289327,0 -42.61310855389375,-21.94318060938962,0 -42.61265930616124,-21.94390657494892,0 -42.61228347216818,-21.94391544079165,0 -42.61219129853393,-21.94310625295298,0 -42.61218690685062,-21.94308896460914,0 -42.61077399995808,-21.94217358618817,0 -42.61179476847622,-21.94213835828627,0 -42.61185487187782,-21.94210750099811,0 -42.61257811074553,-21.941906717964,0 -42.61293120628056,-21.94179745733168,0 -42.61405201955411,-21.94149574664375,0 -42.61472969832315,-21.94126464069185,0 -42.61459067555947,-21.9408218411835,0 -42.61445812837246,-21.94048961810257,0 -42.61437604988431,-21.94022456783097,0 -42.61396054077021,-21.94030129612067,0 -42.6134449035371,-21.94044331006526,0 -42.6129597667403,-21.94059855183198,0 -42.61245507740028,-21.94074845286793,0 -42.6117487367222,-21.94091806532875,0 -42.61158112055929,-21.94094964575118,0 -42.61148667126932,-21.94102918500091,0 -42.6114646123628,-21.94111964340741,0 -42.61172056345542,-21.94201225157155,0 -42.61070982006446,-21.94212535422379,0 -42.6102590281554,-21.94226203789319,0 -42.60989131224639,-21.94256319896812,0 -42.60987171222055,-21.94248686928773,0 -42.61016382099643,-21.94218906823542,0 -42.61020416811731,-21.94202578535917,0 -42.61035124958543,-21.94162352142259,0 -42.61038000821448,-21.94144614527964,0 -42.61034256920761,-21.94131788824727,0 -42.61013092868758,-21.94113962443728,0 -42.61013525587072,-21.94107939530561,0 -42.61018440694718,-21.94101768685405,0 -42.61042162168948,-21.94101045443502,0 -42.61061140999048,-21.94090009122196,0 -42.61073873216677,-21.94071173840712,0 -42.61108442369415,-21.94032204576716,0 -42.61145173251261,-21.93982902593526,0 -42.61162344765012,-21.93963765659363,0 
						</coordinates>
					</LinearRing>
				</outerBoundaryIs>
			</Polygon>
		</Placemark>
		<Placemark>
			<name>Q - 03</name>
			<styleUrl>#msn_ylw-pushpin21</styleUrl>
			<Polygon>
				<tessellate>1</tessellate>
				<outerBoundaryIs>
					<LinearRing>
						<coordinates>
							-42.61244651836914,-21.94081880898241,0 -42.61257614394715,-21.94125886100874,0 -42.61166547816224,-21.94149298900666,0 -42.61157532818305,-21.94112519188257,0 -42.61164805980704,-21.94102659417183,0 -42.61244651836914,-21.94081880898241,0 
						</coordinates>
					</LinearRing>
				</outerBoundaryIs>
			</Polygon>
		</Placemark>
		<Placemark>
			<name>Q - 04</name>
			<styleUrl>#msn_ylw-pushpin21</styleUrl>
			<Polygon>
				<tessellate>1</tessellate>
				<outerBoundaryIs>
					<LinearRing>
						<coordinates>
							-42.61250029862875,-21.94080042745307,0 -42.614291854474,-21.94032026744858,0 -42.61445886860342,-21.94071002443726,0 -42.61263695918966,-21.94122410732554,0 -42.61250029862875,-21.94080042745307,0 
						</coordinates>
					</LinearRing>
				</outerBoundaryIs>
			</Polygon>
		</Placemark>
		<Placemark>
			<name>Q - 02</name>
			<LookAt>
				<longitude>-42.61300665855418</longitude>
				<latitude>-21.94046221825084</latitude>
				<altitude>0</altitude>
				<heading>77.04544059720979</heading>
				<tilt>17.4436152456789</tilt>
				<range>709.0998044987053</range>
				<gx:altitudeMode>relativeToSeaFloor</gx:altitudeMode>
			</LookAt>
			<styleUrl>#msn_ylw-pushpin21</styleUrl>
			<Polygon>
				<tessellate>1</tessellate>
				<outerBoundaryIs>
					<LinearRing>
						<coordinates>
							-42.61259017788245,-21.9413225553802,0 -42.61273775919457,-21.94176398736454,0 -42.61181256736355,-21.94202360194819,0 -42.61169523239385,-21.9415647548937,0 -42.61259017788245,-21.9413225553802,0 
						</coordinates>
					</LinearRing>
				</outerBoundaryIs>
			</Polygon>
		</Placemark>
		<Placemark>
			<name>Q - 01</name>
			<LookAt>
				<longitude>-42.61266348054753</longitude>
				<latitude>-21.94062925795399</latitude>
				<altitude>0</altitude>
				<heading>23.62709453418691</heading>
				<tilt>26.01185739376227</tilt>
				<range>475.4261648864714</range>
				<gx:altitudeMode>relativeToSeaFloor</gx:altitudeMode>
			</LookAt>
			<styleUrl>#msn_ylw-pushpin21</styleUrl>
			<Polygon>
				<tessellate>1</tessellate>
				<outerBoundaryIs>
					<LinearRing>
						<coordinates>
							-42.61463206716596,-21.94122161817612,0 -42.61279007612343,-21.94173966662485,0 -42.612636293114,-21.94130041477642,0 -42.61289910018665,-21.94122303301014,0 -42.61448718453171,-21.94078383222836,0 -42.61463206716596,-21.94122161817612,0 
						</coordinates>
					</LinearRing>
				</outerBoundaryIs>
			</Polygon>
		</Placemark>
	</Folder>
	<Placemark>
		<name>Praça da Amizade</name>
		<styleUrl>#msn_ylw-pushpin0010</styleUrl>
		<Polygon>
			<tessellate>1</tessellate>
			<outerBoundaryIs>
				<LinearRing>
					<coordinates>
						-42.6079975523559,-21.92912211138718,0 -42.6079817894974,-21.92910373048948,0 -42.60815399252881,-21.92894062455393,0 -42.60818414918779,-21.92896651180237,0 -42.6079975523559,-21.92912211138718,0 
					</coordinates>
				</LinearRing>
			</outerBoundaryIs>
		</Polygon>
	</Placemark>
	<Placemark>
		<name>PRAÇA DO BOTAFOGO</name>
		<styleUrl>#msn_ylw-pushpin71</styleUrl>
		<Polygon>
			<tessellate>1</tessellate>
			<outerBoundaryIs>
				<LinearRing>
					<coordinates>
						-42.60518501627431,-21.94015737858414,0 -42.60527146344523,-21.94038340480414,0 -42.6051378272642,-21.94043081155434,0 -42.60505114626811,-21.9404451020361,0 -42.60501857315871,-21.94033675935317,0 -42.60508323816107,-21.94032082988107,0 -42.60507748897966,-21.94018070977961,0 -42.60518501627431,-21.94015737858414,0 
					</coordinates>
				</LinearRing>
			</outerBoundaryIs>
		</Polygon>
	</Placemark>
	<Placemark>
		<name>Praça da Capela Mortuária</name>
		<styleUrl>#msn_ylw-pushpin71</styleUrl>
		<Polygon>
			<tessellate>1</tessellate>
			<outerBoundaryIs>
				<LinearRing>
					<coordinates>
						-42.60979811731826,-21.92815112875046,0 -42.60970557607158,-21.92833403938462,0 -42.60950550291472,-21.92825572738947,0 -42.60959813582126,-21.92809625201269,0 -42.60979811731826,-21.92815112875046,0 
					</coordinates>
				</LinearRing>
			</outerBoundaryIs>
		</Polygon>
	</Placemark>
	<Placemark>
		<name>PRAÇA DA ÁRVORE DO AMOR</name>
		<styleUrl>#msn_ylw-pushpin71</styleUrl>
		<Polygon>
			<tessellate>1</tessellate>
			<outerBoundaryIs>
				<LinearRing>
					<coordinates>
						-42.60972867948237,-21.93500005931861,0 -42.60940956550836,-21.93515118792677,0 -42.60930704635368,-21.93520770676806,0 -42.60928198755212,-21.93515496136318,0 -42.60971304037224,-21.93496475372157,0 -42.60972867948237,-21.93500005931861,0 
					</coordinates>
				</LinearRing>
			</outerBoundaryIs>
		</Polygon>
	</Placemark>
	<Placemark>
		<name>PRAÇA DA PREFEITURA</name>
		<styleUrl>#msn_ylw-pushpin71</styleUrl>
		<Polygon>
			<tessellate>1</tessellate>
			<outerBoundaryIs>
				<LinearRing>
					<coordinates>
						-42.6103241310405,-21.93274046196672,0 -42.61011729238042,-21.9328383436775,0 -42.61005566356306,-21.9327458450919,0 -42.61027095922795,-21.93264478116769,0 -42.6103241310405,-21.93274046196672,0 
					</coordinates>
				</LinearRing>
			</outerBoundaryIs>
		</Polygon>
	</Placemark>
	<Placemark>
		<name>PRAÇA DO VAL PARAÍSO</name>
		<styleUrl>#msn_ylw-pushpin131</styleUrl>
		<Polygon>
			<tessellate>1</tessellate>
			<outerBoundaryIs>
				<LinearRing>
					<coordinates>
						-42.61287722662271,-21.94124704541903,0 -42.61289182784492,-21.94129013325214,0 -42.61278525590527,-21.94130887516709,0 -42.61289870911244,-21.94169868009399,0 -42.61279637207602,-21.94171229863181,0 -42.61266884494054,-21.94130090794777,0 -42.61287722662271,-21.94124704541903,0 
					</coordinates>
				</LinearRing>
			</outerBoundaryIs>
		</Polygon>
	</Placemark>
	<Placemark>
		<name>PRAÇA PRINCESA ISABEL</name>
		<styleUrl>#msn_ylw-pushpin71</styleUrl>
		<Polygon>
			<tessellate>1</tessellate>
			<outerBoundaryIs>
				<LinearRing>
					<coordinates>
						-42.61002553852026,-21.93297548926478,0 -42.60991103621063,-21.93304856180552,0 -42.60965002782905,-21.93263263147094,0 -42.60976518159103,-21.93256289643186,0 -42.61002553852026,-21.93297548926478,0 
					</coordinates>
				</LinearRing>
			</outerBoundaryIs>
		</Polygon>
	</Placemark>
	<Placemark>
		<name>PRAÇA ALEXANDRE DE MELO</name>
		<styleUrl>#msn_ylw-pushpin71</styleUrl>
		<Polygon>
			<tessellate>1</tessellate>
			<outerBoundaryIs>
				<LinearRing>
					<coordinates>
						-42.60918259185366,-21.93062248841825,0 -42.60891143079821,-21.9307929572546,0 -42.60867823107345,-21.93039393577785,0 -42.60884062272043,-21.93001366737773,0 -42.60918259185366,-21.93062248841825,0 
					</coordinates>
				</LinearRing>
			</outerBoundaryIs>
		</Polygon>
	</Placemark>
	<Placemark>
		<name>PRAÇA GETÚLIO VARGAS</name>
		<styleUrl>#msn_ylw-pushpin71</styleUrl>
		<Polygon>
			<tessellate>1</tessellate>
			<outerBoundaryIs>
				<LinearRing>
					<coordinates>
						-42.60891615995774,-21.93304269832972,0 -42.6093686093546,-21.93383273977448,0 -42.60868907593689,-21.93417632154372,0 -42.60820451985121,-21.93338024460622,0 -42.60891615995774,-21.93304269832972,0 
					</coordinates>
				</LinearRing>
			</outerBoundaryIs>
		</Polygon>
	</Placemark>
	<Folder id="PROGRESSO">
		<name>PROGRESSO</name>
		<open>1</open>
		<Placemark>
			<name>Q - 01</name>
			<styleUrl>#msn_ylw-pushpin04</styleUrl>
			<Polygon>
				<tessellate>1</tessellate>
				<outerBoundaryIs>
					<LinearRing>
						<coordinates>
							-42.61524697455736,-21.91977293738301,0 -42.61563647382886,-21.92025251896767,0 -42.61596490134098,-21.92073479114416,0 -42.61632761279056,-21.92114778559762,0 -42.61678502027042,-21.92163807050488,0 -42.61689728584558,-21.92203556435001,0 -42.61703960610065,-21.92259283318643,0 -42.6167389914991,-21.92270662060025,0 -42.61637435978032,-21.92332055173464,0 -42.61721784906937,-21.92723917411329,0 -42.61718852738196,-21.92805813031255,0 -42.61637418320794,-21.92848554635199,0 -42.61579578237553,-21.92877307993646,0 -42.61547154996285,-21.92931420938186,0 -42.61536290811695,-21.9298375606261,0 -42.61527733760117,-21.93077525177138,0 -42.61528161190367,-21.93136596812947,0 -42.61539350650732,-21.93205941234072,0 -42.61557001981365,-21.93271053369747,0 -42.61482711036919,-21.93335263980862,0 -42.6144309829192,-21.93364307867941,0 -42.61401460942614,-21.93392791603544,0 -42.61337182892821,-21.93409490528812,0 -42.61279433790819,-21.93421346065116,0 -42.61239153605899,-21.93446868463811,0 -42.61258527030112,-21.93558360657418,0 -42.61201256041055,-21.93635958209104,0 -42.61136715041329,-21.93654841727412,0 -42.6114370082655,-21.93677279238361,0 -42.61125759366127,-21.93696312961933,0 -42.61097082352462,-21.93734849259312,0 -42.61063170109298,-21.937524769524,0 -42.61016736042476,-21.93768870845077,0 -42.60980785511799,-21.93787631099497,0 -42.60979416396975,-21.93787800524931,0 -42.60927213558058,-21.93801644935991,0 -42.60906534743128,-21.93774109731089,0 -42.60946624249537,-21.93769235195911,0 -42.60980196010528,-21.93755670874228,0 -42.61018799196246,-21.93745793090446,0 -42.61085294384539,-21.93715455703679,0 -42.61092364285813,-21.93701582373065,0 -42.6109293125263,-21.93700711238396,0 -42.61100315468889,-21.93677255135832,0 -42.6109885062032,-21.93652926998874,0 -42.61075904699646,-21.936250611504,0 -42.61082059885801,-21.93584057541164,0 -42.61090826178177,-21.93556108326144,0 -42.61101583384642,-21.93512300330652,0 -42.61105050008241,-21.93474553854657,0 -42.6110534554648,-21.93473864160556,0 -42.61121184430147,-21.9344097702587,0 -42.6114089690298,-21.93413775790543,0 -42.61164398205218,-21.93389415806021,0 -42.61166818475691,-21.933865744136,0 -42.61193805362645,-21.93356953758836,0 -42.61221702979462,-21.93356005888425,0 -42.61222742490838,-21.93356187386546,0 -42.61207575158893,-21.9338626352867,0 -42.61205243831816,-21.93385879269175,0 -42.61250813400586,-21.9338619160856,0 -42.61285697034341,-21.9338375177637,0 -42.61300911705381,-21.93384444609837,0 -42.61336383337318,-21.93383916515856,0 -42.61366535132736,-21.93364259187603,0 -42.61376687965502,-21.93346947760948,0 -42.61375910195417,-21.93315191943656,0 -42.6136988100709,-21.93295849674231,0 -42.61358584512281,-21.9330020862776,0 -42.61318440051539,-21.93325338505236,0 -42.61274450153358,-21.93339625478657,0 -42.61243231579928,-21.93350763053472,0 -42.61236155375346,-21.93324879721542,0 -42.6121168994375,-21.93281580771962,0 -42.61308672206275,-21.93232179694458,0 -42.61338931989472,-21.93236396910863,0 -42.61370194539761,-21.93240294963784,0 -42.61371754548336,-21.93239753991562,0 -42.61413558310646,-21.93220733525977,0 -42.61444065466437,-21.93199998399909,0 -42.61451973120233,-21.93169368044881,0 -42.61452043988145,-21.93167999198255,0 -42.61452114964538,-21.93166628189915,0 -42.61452721978232,-21.93132557149436,0 -42.61456206237899,-21.93102731779574,0 -42.6145603992462,-21.93077866324415,0 -42.6145836563316,-21.93059117409823,0 -42.6147031950855,-21.93035205380138,0 -42.6147112605848,-21.93033232556171,0 -42.61477321405566,-21.93007187293032,0 -42.61487759951783,-21.92978074954079,0 -42.61497244181474,-21.92947701400287,0 -42.61507910982872,-21.92900696311728,0 -42.61512365026177,-21.92875524685738,0 -42.61521132589343,-21.92856141586073,0 -42.61544127559536,-21.92840520113176,0 -42.6157984138401,-21.92818159525432,0 -42.61607856410427,-21.92813776803678,0 -42.61649712103482,-21.92807921286212,0 -42.61650487326733,-21.92807329422862,0 -42.61672675293767,-21.9278165227604,0 -42.61688174023161,-21.92734174665262,0 -42.61689179816639,-21.92722291324649,0 -42.61685588464961,-21.92683590833158,0 -42.6167623997745,-21.92670296358903,0 -42.61635344814655,-21.92671501197637,0 -42.6161059458914,-21.92606731031699,0 -42.6161016031081,-21.92604598451063,0 -42.61585526343308,-21.92554586024167,0 -42.61584882582223,-21.92553735471771,0 -42.6157154119322,-21.92506999094412,0 -42.61568964163642,-21.92458537482539,0 -42.61561152645057,-21.92418294500656,0 -42.61560826709274,-21.92417864526001,0 -42.6155006355559,-21.92364873596643,0 -42.61495221996725,-21.92319187007932,0 -42.61517771595132,-21.92287507822575,0 -42.61536988163009,-21.92238322602594,0 -42.61546199310893,-21.92146487567038,0 -42.61552004251583,-21.92048847013306,0 -42.61517760247935,-21.91982590176414,0 -42.61524697455736,-21.91977293738301,0 
						</coordinates>
					</LinearRing>
				</outerBoundaryIs>
			</Polygon>
		</Placemark>
		<Placemark>
			<name>Q - 01/1</name>
			<styleUrl>#msn_ylw-pushpin003</styleUrl>
			<Polygon>
				<tessellate>1</tessellate>
				<outerBoundaryIs>
					<LinearRing>
						<coordinates>
							-42.61141780704688,-21.93314152240345,0 -42.61202143373609,-21.93284766602661,0 -42.61227751994334,-21.93327022889022,0 -42.61232594308395,-21.93345896418324,0 -42.61209015325832,-21.93348116520529,0 -42.61190832736869,-21.93349179518249,0 -42.61167323935256,-21.93374479187022,0 -42.61142264812639,-21.93402191244585,0 -42.61123062548663,-21.93425620236646,0 -42.61104681149819,-21.93452458581741,0 -42.61092329851183,-21.9347752929659,0 -42.61082680658681,-21.93500916599987,0 -42.61013592870902,-21.9337790165677,0 -42.61141780704688,-21.93314152240345,0 
						</coordinates>
					</LinearRing>
				</outerBoundaryIs>
			</Polygon>
		</Placemark>
		<Placemark>
			<name>Q - 02</name>
			<styleUrl>#msn_ylw-pushpin003</styleUrl>
			<Polygon>
				<tessellate>1</tessellate>
				<outerBoundaryIs>
					<LinearRing>
						<coordinates>
							-42.61365958107888,-21.93307544168555,0 -42.61364553474198,-21.93346328803928,0 -42.61362552159438,-21.93356271873103,0 -42.61346272332206,-21.93369933930911,0 -42.61317399456181,-21.93376916284085,0 -42.61289474107419,-21.93377282203366,0 -42.61247633079705,-21.93379328621807,0 -42.61221983394384,-21.93379643674923,0 -42.61233992459382,-21.9335611649216,0 -42.61251283659335,-21.93352889707029,0 -42.61285463913678,-21.93343320563071,0 -42.6131955140517,-21.93330723723226,0 -42.61365958107888,-21.93307544168555,0 
						</coordinates>
					</LinearRing>
				</outerBoundaryIs>
			</Polygon>
		</Placemark>
		<Placemark>
			<name>Q - 03</name>
			<styleUrl>#msn_ylw-pushpin003</styleUrl>
			<Polygon>
				<tessellate>1</tessellate>
				<outerBoundaryIs>
					<LinearRing>
						<coordinates>
							-42.61193317851907,-21.93122877474061,0 -42.61209515144419,-21.93107151010128,0 -42.61227762143599,-21.93104633209739,0 -42.61271409626475,-21.93121163075249,0 -42.61337459719492,-21.93148229907856,0 -42.613135907924,-21.93216530597978,0 -42.61294492127148,-21.93228688794931,0 -42.61143070390601,-21.93304107698703,0 -42.61082428622394,-21.93202460040598,0 -42.61116210764639,-21.93185316453,0 -42.61163185053518,-21.9315496144703,0 -42.61193317851907,-21.93122877474061,0 
						</coordinates>
					</LinearRing>
				</outerBoundaryIs>
			</Polygon>
		</Placemark>
		<Placemark>
			<name>Q - 04</name>
			<styleUrl>#msn_ylw-pushpin003</styleUrl>
			<Polygon>
				<tessellate>1</tessellate>
				<outerBoundaryIs>
					<LinearRing>
						<coordinates>
							-42.61364542797757,-21.93089729462851,0 -42.61357123588902,-21.93106137559869,0 -42.61341214509473,-21.93139919629261,0 -42.612340848743,-21.93101036365796,0 -42.61260913223075,-21.93083262649691,0 -42.61290069894088,-21.93061127463596,0 -42.61330780504629,-21.93074765833738,0 -42.61336252727612,-21.93077581441,0 -42.61338613357864,-21.93078727758646,0 -42.61364542797757,-21.93089729462851,0 
						</coordinates>
					</LinearRing>
				</outerBoundaryIs>
			</Polygon>
		</Placemark>
		<Placemark>
			<name>Q - 05</name>
			<styleUrl>#msn_ylw-pushpin003</styleUrl>
			<Polygon>
				<tessellate>1</tessellate>
				<outerBoundaryIs>
					<LinearRing>
						<coordinates>
							-42.61297238970859,-21.93052843205605,0 -42.61329445204199,-21.93008108929996,0 -42.61393544460054,-21.92870394136949,0 -42.61405410318908,-21.92857944261193,0 -42.6141631360424,-21.9295838497698,0 -42.61369472636854,-21.93079462437841,0 -42.61297238970859,-21.93052843205605,0 
						</coordinates>
					</LinearRing>
				</outerBoundaryIs>
			</Polygon>
		</Placemark>
		<Placemark>
			<name>Q - 06</name>
			<styleUrl>#msn_ylw-pushpin003</styleUrl>
			<Polygon>
				<tessellate>1</tessellate>
				<outerBoundaryIs>
					<LinearRing>
						<coordinates>
							-42.61370810565572,-21.93089505078251,0 -42.61422061136986,-21.92966915811908,0 -42.614604572556,-21.92872529710683,0 -42.6146045552042,-21.92871313633382,0 -42.61486482782185,-21.92836259706893,0 -42.61515085389415,-21.92851102410076,0 -42.61505116463399,-21.92868853088707,0 -42.6150190410871,-21.92883881047594,0 -42.6150100454158,-21.92900940369414,0 -42.61493930677609,-21.92935534083303,0 -42.61484569225146,-21.92965717467218,0 -42.61476722542268,-21.92984963569247,0 -42.6146595431623,-21.93014847595562,0 -42.61448266996504,-21.93079861982773,0 -42.61446150732944,-21.9310325381273,0 -42.61444814521352,-21.93152698168845,0 -42.61442538736155,-21.93179763303672,0 -42.61436910293745,-21.9319178912118,0 -42.61421675864468,-21.9320365841145,0 -42.61385844059892,-21.93219903444641,0 -42.61359480318548,-21.9322803566144,0 -42.61333793716145,-21.93224393554212,0 -42.61326641443384,-21.93221617033226,0 -42.61321808223659,-21.93213340677675,0 -42.61370810565572,-21.93089505078251,0 
						</coordinates>
					</LinearRing>
				</outerBoundaryIs>
			</Polygon>
		</Placemark>
		<Placemark>
			<name>Q - 07</name>
			<styleUrl>#msn_ylw-pushpin003</styleUrl>
			<Polygon>
				<tessellate>1</tessellate>
				<outerBoundaryIs>
					<LinearRing>
						<coordinates>
							-42.61583782606548,-21.92674894546471,0 -42.61584038349204,-21.92673717782093,0 -42.61600209281653,-21.92658427248118,0 -42.61620894027849,-21.92654500804167,0 -42.61621294794978,-21.92655118321826,0 -42.61630043281317,-21.92675375121707,0 -42.61630550794755,-21.92677019129412,0 -42.61630547238152,-21.9267766491056,0 -42.61630530961562,-21.92725965239192,0 -42.61627192991745,-21.92749692065416,0 -42.61585678786043,-21.92802121154693,0 -42.61525680193536,-21.92842210171306,0 -42.61516931002222,-21.92847765010581,0 -42.61491885306679,-21.92831474040971,0 -42.61540555043469,-21.92775189105367,0 -42.61568360590734,-21.92745118315804,0 -42.61568625034369,-21.92744638391865,0 -42.61569550707556,-21.92742958438695,0 -42.61585442049255,-21.92719493691413,0 -42.61583782606548,-21.92674894546471,0 
						</coordinates>
					</LinearRing>
				</outerBoundaryIs>
			</Polygon>
		</Placemark>
		<Placemark>
			<name>Q - 08</name>
			<styleUrl>#msn_ylw-pushpin003</styleUrl>
			<Polygon>
				<tessellate>1</tessellate>
				<outerBoundaryIs>
					<LinearRing>
						<coordinates>
							-42.61672095033414,-21.92677142364431,0 -42.61675942764992,-21.9268201572747,0 -42.61678006380447,-21.9269588304439,0 -42.61680610821479,-21.92713831752808,0 -42.61681000321962,-21.92735665397,0 -42.61676199298415,-21.92759400429552,0 -42.61656648057101,-21.92789163485366,0 -42.61644325971,-21.92802052875705,0 -42.61584110998653,-21.92810959305156,0 -42.61599536576012,-21.9279392011874,0 -42.61610603330657,-21.92780536226567,0 -42.61619847451982,-21.92769758350079,0 -42.61634501991558,-21.92753426079518,0 -42.61636050042819,-21.92745967309004,0 -42.61638301353884,-21.92738152053723,0 -42.61637457399134,-21.92710108239962,0 -42.61635866435117,-21.92678027918269,0 -42.61672095033414,-21.92677142364431,0 
						</coordinates>
					</LinearRing>
				</outerBoundaryIs>
			</Polygon>
		</Placemark>
		<Placemark>
			<name>Q - 09</name>
			<styleUrl>#msn_ylw-pushpin003</styleUrl>
			<Polygon>
				<tessellate>1</tessellate>
				<outerBoundaryIs>
					<LinearRing>
						<coordinates>
							-42.61412197770216,-21.92852754902471,0 -42.61414263670498,-21.92830988155033,0 -42.61426572628687,-21.92799914083723,0 -42.61445502716398,-21.9277793058826,0 -42.61466152435437,-21.92749842597895,0 -42.61489042168425,-21.9271009670858,0 -42.61503677464015,-21.92689166329941,0 -42.61507173278102,-21.92666141698729,0 -42.61499271050256,-21.92617399303009,0 -42.61497931893828,-21.92561373973619,0 -42.61502409385452,-21.92517668761318,0 -42.61518768902828,-21.92508640536324,0 -42.61521724171264,-21.92510820657406,0 -42.61532098070292,-21.92544300083929,0 -42.61547099597231,-21.92599663432582,0 -42.61554169210498,-21.9262161611568,0 -42.61560424854783,-21.92638690655348,0 -42.61573531332693,-21.92665825594032,0 -42.61581356028233,-21.92697241297526,0 -42.6158124280708,-21.92714440022459,0 -42.61577784760073,-21.9272381993245,0 -42.61573345071204,-21.92730268497545,0 -42.61551834291294,-21.92751629105901,0 -42.61505128520939,-21.92807132720115,0 -42.61464594749269,-21.92855426792021,0 -42.6145797020522,-21.92866603379714,0 -42.61420980662528,-21.92948148707487,0 -42.61412197770216,-21.92852754902471,0 
						</coordinates>
					</LinearRing>
				</outerBoundaryIs>
			</Polygon>
		</Placemark>
		<Placemark>
			<name>Q - 10</name>
			<Camera>
				<longitude>-42.61852080799881</longitude>
				<latitude>-21.9310471498774</latitude>
				<altitude>960.5989192765445</altitude>
				<heading>52.18161986275654</heading>
				<tilt>29.99999880298444</tilt>
				<roll>-2.765879838825211</roll>
				<gx:altitudeMode>relativeToSeaFloor</gx:altitudeMode>
			</Camera>
			<styleUrl>#msn_ylw-pushpin003</styleUrl>
			<Polygon>
				<tessellate>1</tessellate>
				<outerBoundaryIs>
					<LinearRing>
						<coordinates>
							-42.61284963156427,-21.93054965741034,0 -42.61258011948314,-21.93077635005137,0 -42.61243226547501,-21.93086369407691,0 -42.61214891307768,-21.93098374044715,0 -42.61197937766982,-21.93105752111125,0 -42.61190006028804,-21.931158068592,0 -42.61169893785784,-21.93137431171104,0 -42.61163176271032,-21.93142826918103,0 -42.61144670013519,-21.9316237524677,0 -42.61144208294694,-21.93162484952628,0 -42.61194283662314,-21.93089866939261,0 -42.61194903156936,-21.93088366834401,0 -42.61220021085725,-21.93049562607772,0 -42.61221350742301,-21.93048032467993,0 -42.61248797897872,-21.92998571279153,0 -42.61250164668141,-21.92998020259262,0 -42.61266866336593,-21.92969655213199,0 -42.61282238359922,-21.92934008639033,0 -42.61298618092484,-21.92904775990977,0 -42.61315710067301,-21.92874497040131,0 -42.61332062172988,-21.92847019910276,0 -42.61350056005305,-21.92808962127355,0 -42.61365535081831,-21.92779147063389,0 -42.61396073424859,-21.9273736316759,0 -42.61421984802487,-21.92697576903218,0 -42.61444345417566,-21.92670682968786,0 -42.61459656941851,-21.92648921761776,0 -42.61466737353165,-21.92642914819944,0 -42.6147759695566,-21.92656979209325,0 -42.61485070310837,-21.92703123395732,0 -42.61468533411831,-21.92736292045139,0 -42.61436204924652,-21.92778735104694,0 -42.61419357011317,-21.92801368662465,0 -42.6140178463523,-21.9284964671786,0 -42.61386595079485,-21.92870723171536,0 -42.61352399998827,-21.9295002367735,0 -42.61324141724964,-21.93006693525073,0 -42.61293362818363,-21.93048122186405,0 -42.61284963156427,-21.93054965741034,0 
						</coordinates>
					</LinearRing>
				</outerBoundaryIs>
			</Polygon>
		</Placemark>
		<Placemark>
			<name>Q - 11</name>
			<styleUrl>#msn_ylw-pushpin003</styleUrl>
			<Polygon>
				<tessellate>1</tessellate>
				<outerBoundaryIs>
					<LinearRing>
						<coordinates>
							-42.61595238067768,-21.92653635374248,0 -42.61579851678141,-21.92669744747958,0 -42.61563822111529,-21.92632117759659,0 -42.61553511716021,-21.92595099769344,0 -42.61537765250366,-21.92536910749586,0 -42.61525921789957,-21.92503459450717,0 -42.61513536207646,-21.92500163363807,0 -42.61506822237163,-21.92503321288046,0 -42.61498434182506,-21.92508125400392,0 -42.614902441312,-21.92534757296396,0 -42.6149057970414,-21.92539866940917,0 -42.61489085114251,-21.92593036719337,0 -42.61497431884106,-21.92669447700573,0 -42.61497527308648,-21.92670900069026,0 -42.61489922883111,-21.92694357856141,0 -42.61477013604976,-21.926383072497,0 -42.61467273461795,-21.92618530145151,0 -42.61475082114175,-21.92570922284328,0 -42.61473112579316,-21.92528375760221,0 -42.61482255892511,-21.92489220384907,0 -42.61485249535392,-21.92458709087325,0 -42.61498600586566,-21.9242242530964,0 -42.6149142594884,-21.92388435796119,0 -42.61479886761663,-21.92351682700916,0 -42.61481693177215,-21.92328479346633,0 -42.61518135567454,-21.92345894581073,0 -42.6154334567207,-21.9238765437296,0 -42.61554874909609,-21.92443430962844,0 -42.61559881193373,-21.92509139596191,0 -42.61572456510601,-21.92545735389744,0 -42.61590447247507,-21.92583491952342,0 -42.61610490791816,-21.92619634570315,0 -42.61619543830435,-21.92648662988721,0 -42.61595238067768,-21.92653635374248,0 
						</coordinates>
					</LinearRing>
				</outerBoundaryIs>
			</Polygon>
		</Placemark>
		<Placemark>
			<name>Q - 12</name>
			<LookAt>
				<longitude>-42.61349763469629</longitude>
				<latitude>-21.92033125445829</latitude>
				<altitude>0</altitude>
				<heading>1.175269251615814</heading>
				<tilt>22.09321865556377</tilt>
				<range>1388.295808418857</range>
				<gx:altitudeMode>relativeToSeaFloor</gx:altitudeMode>
			</LookAt>
			<styleUrl>#msn_ylw-pushpin1</styleUrl>
			<Polygon>
				<tessellate>1</tessellate>
				<outerBoundaryIs>
					<LinearRing>
						<coordinates>
							-42.61964933783219,-21.91433208276592,0 -42.61946334460076,-21.91466640304884,0 -42.61904649370094,-21.91482855398937,0 -42.61863458399375,-21.91492359317082,0 -42.61794924890874,-21.91522543589922,0 -42.61760328938648,-21.9156180075323,0 -42.61759896138853,-21.91563501264107,0 -42.61756232382502,-21.91605606441817,0 -42.61756615078162,-21.91608338332813,0 -42.61759128318522,-21.91613230720499,0 -42.61753431704366,-21.91640389603912,0 -42.61735636212438,-21.91692877945128,0 -42.61699272603041,-21.91736529893785,0 -42.61687494218012,-21.91774318947628,0 -42.61674456046055,-21.91810026756073,0 -42.61701048562455,-21.91935855906652,0 -42.61721482608932,-21.92030288687754,0 -42.61805858900613,-21.92078649412553,0 -42.61845326821454,-21.92200873941023,0 -42.61832048385322,-21.92300926906704,0 -42.61736153461538,-21.92322680982635,0 -42.61725307583608,-21.92312811936521,0 -42.61702834700204,-21.92218514340513,0 -42.61687349464856,-21.92159377289933,0 -42.6161596577694,-21.92079585320423,0 -42.61598880706491,-21.92057732687577,0 -42.61580824338294,-21.92026135179951,0 -42.61544440194606,-21.91985972911903,0 -42.6151524244093,-21.91960123027968,0 -42.6147776085709,-21.91959767084264,0 -42.61442973442985,-21.91970568108162,0 -42.61416392697002,-21.91986276264739,0 -42.61379716910052,-21.92014368384358,0 -42.61358815525975,-21.92020822927508,0 -42.61347062110428,-21.92018600568574,0 -42.61253157125239,-21.92022004564368,0 -42.61250277713499,-21.92021940749185,0 -42.61149377744119,-21.92025477576153,0 -42.61094299375673,-21.92005733238091,0 -42.61073737957468,-21.92006982810819,0 -42.61045806097197,-21.92050013388712,0 -42.61044693411543,-21.92068180263457,0 -42.61030947978372,-21.9208027919591,0 -42.60999617321262,-21.92107146356575,0 -42.60999348516783,-21.92107945552369,0 -42.60999656414683,-21.92158716503809,0 -42.60894417829709,-21.9210413526734,0 -42.60893411802937,-21.92102409956702,0 -42.60883514580834,-21.92057721052896,0 -42.60902786839507,-21.92015860540481,0 -42.61067464065093,-21.91923743497443,0 -42.61190019539389,-21.9190264646264,0 -42.61261624342503,-21.91908491170369,0 -42.6135777973026,-21.91897393138958,0 -42.61386760056641,-21.91870937549395,0 -42.61411426145072,-21.91849575435567,0 -42.61453364586455,-21.91808994283011,0 -42.61471559605798,-21.91794443893571,0 -42.61491320831643,-21.91776943756054,0 -42.61511730782917,-21.9175736466229,0 -42.61544030920478,-21.91731043092957,0 -42.61573787103104,-21.91717751083777,0 -42.61604045059676,-21.91709673510926,0 -42.61628548942501,-21.9170682663113,0 -42.61656866613083,-21.91688953856089,0 -42.61693095361138,-21.9165354854263,0 -42.61709305532903,-21.91625382413752,0 -42.61720354753432,-21.91581978674838,0 -42.61731235484844,-21.91543896816008,0 -42.61759099043217,-21.9151153632294,0 -42.6180782769319,-21.91477086979695,0 -42.61910370429819,-21.91396687806623,0 -42.61921291062216,-21.91354964677062,0 -42.61949195713743,-21.91354885216053,0 -42.61964933783219,-21.91433208276592,0 
						</coordinates>
					</LinearRing>
				</outerBoundaryIs>
			</Polygon>
		</Placemark>
	</Folder>
	<Folder>
		<name>DISTRITOS</name>
		<Style>
			<ListStyle>
				<listItemType>check</listItemType>
				<bgColor>00ffffff</bgColor>
				<maxSnippetLines>2</maxSnippetLines>
			</ListStyle>
		</Style>
		<Placemark>
			<name>Barra de São Francisco</name>
			<styleUrl>#msn_ylw-pushpin20</styleUrl>
			<Polygon>
				<tessellate>1</tessellate>
				<outerBoundaryIs>
					<LinearRing>
						<coordinates>
							-42.68743287212983,-21.96601053274732,0 -42.68744724212019,-21.96598116887854,0 -42.68780647899212,-21.96571047514831,0 -42.68783145475885,-21.96570806526863,0 -42.68948702065448,-21.96562033492463,0 -42.69029637863932,-21.966314116547,0 -42.69030851954781,-21.96634058984953,0 -42.69035865249965,-21.96635837594132,0 -42.69110630326608,-21.96717304462813,0 -42.6917005557714,-21.96764574994057,0 -42.69205628176901,-21.96731735660888,0 -42.69260750178793,-21.96795485963011,0 -42.69262762377762,-21.96803079848848,0 -42.69269484680112,-21.96876646467557,0 -42.69268795591359,-21.96878776402,0 -42.69233656492209,-21.96954784991924,0 -42.69232210050308,-21.9695922027286,0 -42.69231991520645,-21.97025644246457,0 -42.69253117019859,-21.97094904096455,0 -42.69284222795734,-21.9714258036767,0 -42.69369357303728,-21.97166915627657,0 -42.6947512593101,-21.97168389957084,0 -42.69515043527699,-21.97200553973415,0 -42.69490514507041,-21.97252991319022,0 -42.69378289904296,-21.97247874455926,0 -42.69268559397742,-21.97190763664905,0 -42.69179862217761,-21.97076567275645,0 -42.69172952414839,-21.96984327608543,0 -42.69164687857389,-21.96963250019996,0 -42.69137598782894,-21.96878056044419,0 -42.69105208004729,-21.96855572825259,0 -42.69072176540237,-21.9686636699097,0 -42.68743287212983,-21.96601053274732,0 
						</coordinates>
					</LinearRing>
				</outerBoundaryIs>
			</Polygon>
		</Placemark>
		<Placemark>
			<name>Córrego da Prata</name>
			<styleUrl>#msn_ylw-pushpin54</styleUrl>
			<Polygon>
				<tessellate>1</tessellate>
				<outerBoundaryIs>
					<LinearRing>
						<coordinates>
							-42.49257322406581,-21.86469832144439,0 -42.49262611389316,-21.8621365976303,0 -42.49672145178243,-21.85906253815296,0 -42.49731701399178,-21.8596553241966,0 -42.49337877570444,-21.86356348677219,0 -42.49530336564461,-21.86553932921495,0 -42.4953667942712,-21.86589263957155,0 -42.4950650000296,-21.86633784550815,0 -42.49207832456706,-21.86675064657356,0 -42.49045471608729,-21.86630542070934,0 -42.49017289226904,-21.86611378675592,0 -42.48888156975065,-21.86598541125968,0 -42.48739415403568,-21.86610062534239,0 -42.48588531556361,-21.86604947205006,0 -42.48457903213529,-21.86624930554588,0 -42.48359841566158,-21.86555282130173,0 -42.48358569367718,-21.86546568473145,0 -42.48258961704646,-21.86415896856735,0 -42.48144846100661,-21.86400954058285,0 -42.47995395532886,-21.86377113056246,0 -42.4785997241402,-21.86317783080044,0 -42.4774477410343,-21.86327914201425,0 -42.47600205059471,-21.86310319014797,0 -42.47592757152149,-21.86302630439685,0 -42.4729991349278,-21.86177220875745,0 -42.47141180131404,-21.86237227991898,0 -42.47131059228558,-21.86144006241717,0 -42.4686679867444,-21.85974134960994,0 -42.46952563646511,-21.85798277267562,0 -42.46953970979726,-21.85801883673115,0 -42.47105667314167,-21.85912340616493,0 -42.47108724217181,-21.85919795632708,0 -42.47224199983191,-21.86040144556336,0 -42.4722864751604,-21.86045016839534,0 -42.47438974258154,-21.8611938856767,0 -42.47441771389076,-21.86120377638274,0 -42.47459948104515,-21.86126804959697,0 -42.47631044516248,-21.86215403690826,0 -42.47877609923718,-21.86227476145737,0 -42.47880692693299,-21.86226963941261,0 -42.48035914882183,-21.86225047264001,0 -42.48225557683035,-21.86232176944516,0 -42.48330004596656,-21.86312488060447,0 -42.48463276128619,-21.86364481798454,0 -42.48467801030052,-21.86364526617616,0 -42.48604404509889,-21.86362178583557,0 -42.48693414693896,-21.8625527129379,0 -42.48767191291502,-21.86139531308662,0 -42.48805011603491,-21.86212617926463,0 -42.48803778037269,-21.86217670615763,0 -42.48730342718523,-21.86320472377262,0 -42.48728690100185,-21.86321345628163,0 -42.48711168279674,-21.86412345408166,0 -42.48757421339535,-21.86479810514785,0 -42.48849925299044,-21.86509510525988,0 -42.49257322406581,-21.86469832144439,0 
						</coordinates>
					</LinearRing>
				</outerBoundaryIs>
			</Polygon>
		</Placemark>
		<Placemark>
			<name>Ilha dos Pombos</name>
			<styleUrl>#msn_ylw-pushpin700</styleUrl>
			<Polygon>
				<tessellate>1</tessellate>
				<outerBoundaryIs>
					<LinearRing>
						<coordinates>
							-42.57240641964844,-21.84153103438523,0 -42.57247729282186,-21.84115981773001,0 -42.57268606916498,-21.84035955276108,0 -42.57337840707668,-21.83998264543069,0 -42.57402368174083,-21.83957397129991,0 -42.57489311754047,-21.83944091477989,0 -42.57575635384921,-21.83947917251343,0 -42.57666393365827,-21.83905210082032,0 -42.57664231530972,-21.83797765244299,0 -42.57652229795868,-21.83673027994065,0 -42.5771355065505,-21.83673030811258,0 -42.57797787655421,-21.83684887558213,0 -42.57869620876228,-21.83712904330572,0 -42.57872566445498,-21.83712904313133,0 -42.57951366697262,-21.83751574447017,0 -42.5795281733742,-21.83751574407217,0 -42.58022426750136,-21.83782556068011,0 -42.58085005138899,-21.83808513429342,0 -42.58120867563233,-21.83867039952141,0 -42.58118842202138,-21.83934493770444,0 -42.58103735246712,-21.84028899393545,0 -42.5808245605695,-21.84099465856064,0 -42.57996577667819,-21.84117656672117,0 -42.57923312767893,-21.84122566278869,0 -42.57849388234385,-21.8413715759313,0 -42.57785968837647,-21.84168886009252,0 -42.57714994552146,-21.84161040863303,0 -42.57745155676265,-21.84205743608624,0 -42.57839050597651,-21.84238420393045,0 -42.57871757936932,-21.84304898129195,0 -42.5801714538073,-21.84358160692418,0 -42.57984418879629,-21.84425682823245,0 -42.5790243236381,-21.8440986577212,0 -42.57859887455147,-21.8444123764105,0 -42.57804423779874,-21.84466976588261,0 -42.57801018799665,-21.84471579201835,0 -42.57792515272855,-21.84528282350183,0 -42.57875300007591,-21.84607473952704,0 -42.57838889767606,-21.84638324396232,0 -42.57791105903005,-21.84648669377176,0 -42.57786586720938,-21.84645861248157,0 -42.57760704623321,-21.84614322911419,0 -42.57735867073327,-21.84577486248791,0 -42.5769286861989,-21.84565187935109,0 -42.57670790646935,-21.84527205573808,0 -42.576548320769,-21.84482985270231,0 -42.57633779781978,-21.84435288679704,0 -42.57595763110157,-21.84395023986433,0 -42.57543139833238,-21.8438625558541,0 -42.57400264725258,-21.84376130272359,0 -42.57310349125649,-21.84306254114201,0 -42.57281240284922,-21.84210246621992,0 -42.57240641964844,-21.84153103438523,0 
						</coordinates>
					</LinearRing>
				</outerBoundaryIs>
			</Polygon>
		</Placemark>
		<Placemark>
			<name>Influência</name>
			<styleUrl>#msn_ylw-pushpin141</styleUrl>
			<Polygon>
				<tessellate>1</tessellate>
				<outerBoundaryIs>
					<LinearRing>
						<coordinates>
							-42.64932369564178,-21.86953429336344,0 -42.65299290396526,-21.87026019474932,0 -42.65302858299272,-21.87027292950958,0 -42.65313560654671,-21.87031112893184,0 -42.65607954976603,-21.87128515946452,0 -42.66009102879296,-21.87246974137419,0 -42.66186678039183,-21.87307501709631,0 -42.66450336528455,-21.87400795888202,0 -42.667266972243,-21.87492298276318,0 -42.66798977238629,-21.87544016804561,0 -42.66819402636967,-21.87649566719378,0 -42.66865387130651,-21.87576135548374,0 -42.66983850673576,-21.87617691955561,0 -42.66927559004117,-21.87763132553745,0 -42.66907912783764,-21.8777975406504,0 -42.66780721503817,-21.87727745838191,0 -42.66693575855161,-21.87712789804026,0 -42.66526624479994,-21.87689741486302,0 -42.66364009747988,-21.87616586355391,0 -42.6624592624792,-21.87595065677085,0 -42.66130411044701,-21.87589025118648,0 -42.66019589423433,-21.87632440270869,0 -42.65907116390937,-21.87485135850194,0 -42.65524429053072,-21.87285732289869,0 -42.65504064189047,-21.87340083721444,0 -42.65495873129402,-21.87389250267352,0 -42.65602759031865,-21.87507527654698,0 -42.65608479938803,-21.87513394592817,0 -42.65809707474275,-21.87635209193627,0 -42.65814912759391,-21.87642871758937,0 -42.65885678114042,-21.87759446005877,0 -42.65922457008842,-21.87804166095937,0 -42.65945399426635,-21.87879631774267,0 -42.65902882522835,-21.8798616198611,0 -42.658991184855,-21.87991113132217,0 -42.65814614746219,-21.87982467184137,0 -42.65789361104409,-21.87925109842502,0 -42.65725709680515,-21.87804692593096,0 -42.65732237129292,-21.87775289596542,0 -42.65568508779309,-21.8756084377291,0 -42.65421043192249,-21.87434988572052,0 -42.65334180962385,-21.87345137723419,0 -42.65198939932957,-21.87248044017408,0 -42.65164040153841,-21.87227446927504,0 -42.64977619392149,-21.87128253072351,0 -42.64923689676229,-21.87108266769755,0 -42.64932369564178,-21.86953429336344,0 
						</coordinates>
					</LinearRing>
				</outerBoundaryIs>
			</Polygon>
		</Placemark>
		<Placemark>
			<name>Porto Velho do Cunha</name>
			<styleUrl>#msn_ylw-pushpin300</styleUrl>
			<Polygon>
				<tessellate>1</tessellate>
				<outerBoundaryIs>
					<LinearRing>
						<coordinates>
							-42.54466339485921,-21.82325687659796,0 -42.5447281965196,-21.82273555100037,0 -42.54816369497808,-21.82407300456661,0 -42.5481801280002,-21.82406660491359,0 -42.55015971912358,-21.82448201946006,0 -42.55202966642269,-21.82522236026959,0 -42.55377018037476,-21.82597681161382,0 -42.55381616335101,-21.82602958695902,0 -42.55561608629379,-21.8268394067825,0 -42.55673043728036,-21.82749312403871,0 -42.55610192228642,-21.82880678887544,0 -42.55378782143157,-21.82753493436197,0 -42.55267803217355,-21.82707529586751,0 -42.55222558864895,-21.82813317197954,0 -42.55017187988397,-21.82739966546108,0 -42.54864425117426,-21.82679894802671,0 -42.54714364663865,-21.82626878547383,0 -42.5472610462132,-21.82567377032381,0 -42.54650750588731,-21.82539839656479,0 -42.54444996466941,-21.82463372879696,0 -42.54466339485921,-21.82325687659796,0 
						</coordinates>
					</LinearRing>
				</outerBoundaryIs>
			</Polygon>
		</Placemark>
		<Placemark>
			<name>Polígono sem título</name>
			<styleUrl>#msn_ylw-pushpin0001</styleUrl>
			<Polygon>
				<tessellate>1</tessellate>
				<outerBoundaryIs>
					<LinearRing>
						<coordinates>
							-40.9630392255347,-21.30482233499213,0 -40.96924295516926,-21.30232575374801,0 -40.97967740553111,-21.28964249036584,0 -40.99616880172874,-21.28724477407089,0 -40.99686892829421,-21.28597310406832,0 -41.00753111754888,-21.25219865313847,0 -41.02743843611341,-21.25047060231569,0 -41.057685508425,-21.24372312255927,0 -41.05906373767718,-21.2430967343186,0 -41.062519507526,-21.24057204710778,0 -41.07844607696511,-21.22601737708967,0 -41.09769824696619,-21.22107859208555,0 -41.09838391151845,-21.22108477137783,0 -41.12642524085636,-21.22836623848906,0 -41.13946188002171,-21.22784165011153,0 -41.14963924998676,-21.23879726984105,0 -41.19212121598998,-21.24427561946396,0 -41.21132235358741,-21.24571538436634,0 -41.22034937177956,-21.23492179540128,0 -41.22519056706569,-21.23112558405867,0 -41.24170607206339,-21.22678456233712,0 -41.25882525172681,-21.23139801331555,0 -41.28143704900593,-21.23669289840344,0 -41.29174533073785,-21.23613417754255,0 -41.30210804922086,-21.22981935501401,0 -41.30571714373971,-21.22536374791049,0 -41.31534146259627,-21.22480071898035,0 -41.32369552712453,-21.21207408171973,0 -41.3360471247649,-21.21345089999895,0 -41.36562532240665,-21.2072850217051,0 -41.38214646762961,-21.2016555615822,0 -41.39997858265836,-21.203068770247,0 -41.42807799739285,-21.20711210670359,0 -41.43832729083404,-21.21230099697235,0 -41.46308543538962,-21.20416535652891,0 -41.47758088232089,-21.19211937046853,0 -41.4769640061528,-21.18316414781297,0 -41.48866431591684,-21.17749105435179,0 -41.50445251903895,-21.17504172232402,0 -41.51127455586262,-21.17956329213212,0 -41.51332645552404,-21.18021642402976,0 -41.54552279430018,-21.18362539251947,0 -41.54757931575851,-21.1836386982883,0 -41.56542996380018,-21.17991716093727,0 -41.57576718157387,-21.17231057791702,0 -41.57715643833754,-21.16976197594251,0 -41.57853648483696,-21.16849193240624,0 -41.58547761684983,-21.15638731746661,0 -41.58553707252062,-21.14807547612148,0 -41.62046433038278,-21.15212350915865,0 -41.63764849159608,-21.14519039668268,0 -41.63834277391591,-21.14391552443674,0 -41.65003902191695,-21.13758780884646,0 -41.65141427029458,-21.13695611880584,0 -41.67134457988132,-21.12939305392785,0 -41.7008472913726,-21.12571388354267,0 -41.72008256099391,-21.12005636440748,0 -41.71538635260077,-21.10467987867358,0 -41.74219912601615,-21.0939358458044,0 -41.73135833543421,-21.07468606330182,0 -41.7306814542052,-21.07340281701483,0 -41.72865961731037,-21.06827293512126,0 -41.721922887604,-21.05095767373219,0 -41.71988851683899,-21.04774686111435,0 -41.71659023998123,-21.02916305635335,0 -41.71660814048603,-21.02660170035573,0 -41.72018833938393,-21.00484269771349,0 -41.71390192618207,-20.98409610940987,0 -41.72298130494126,-20.95537877473137,0 -41.72436220438748,-20.95346848225232,0 -41.74096376273776,-20.92479257870799,0 -41.73009550329705,-20.91131164784128,0 -41.72668942309089,-20.90873649116121,0 -41.71852830213108,-20.90038230579971,0 -41.72207432748586,-20.87994558150737,0 -41.72140950382749,-20.87674556157882,0 -41.71533322023528,-20.86328670865674,0 -41.72492320953371,-20.86142169505887,0 -41.72697180073786,-20.86207224060903,0 -41.74473612349406,-20.86600406918305,0 -41.74761602435905,-20.84172535189922,0 -41.74762732885906,-20.83980731939929,0 -41.74429402527375,-20.82508317785133,0 -41.7443015607262,-20.82380435219072,0 -41.7464248727897,-20.81166597676494,0 -41.74780398470828,-20.80975493723043,0 -41.75604078411376,-20.80468311134057,0 -41.75809617507453,-20.80405456092257,0 -41.76015897420795,-20.80214695263716,0 -41.76496088905763,-20.79961423733409,0 -41.78141351724045,-20.79266488917111,0 -41.78483259598404,-20.79268244507633,0 -41.80532870966896,-20.7959833939883,0 -41.81079556536073,-20.79664984946111,0 -41.82447172062282,-20.79671609652936,0 -41.83203976288224,-20.78843781103595,0 -41.83341799477317,-20.78652554294135,0 -41.84651591470538,-20.76739679340819,0 -41.86089262433801,-20.76426326305435,0 -41.86976086782492,-20.76814094264738,0 -41.87316944044277,-20.7700750117395,0 -41.88610698462894,-20.78036566579161,0 -41.88883216477214,-20.7822961828858,0 -41.89428957309658,-20.78487772377304,0 -41.89769886869026,-20.78681084872264,0 -41.91477053483845,-20.79199768726015,0 -41.91819050495558,-20.79201141134313,0 -41.92845080511725,-20.79205199421672,0 -41.93039715159985,-20.81252571022423,0 -41.93038401366207,-20.81508367911532,0 -41.9303577960265,-20.82019947566255,0 -41.93029584048129,-20.83234871317008,0 -41.93027312507787,-20.83682449703728,0 -41.92887239438953,-20.84321278818156,0 -41.92885947299731,-20.84577021464264,0 -41.94044031295513,-20.85604589189828,0 -41.94385228376277,-20.85797733193033,0 -41.94997985720517,-20.86439462325673,0 -41.9533737262699,-20.87016173131638,0 -41.953336619326,-20.87783330214715,0 -41.95332429544888,-20.88039044506241,0 -41.95330585194931,-20.88422610892921,0 -41.95531344499555,-20.89382313144754,0 -41.95667940943646,-20.89446774846966,0 -41.95734574270999,-20.89830596785275,0 -41.9593812574462,-20.90214952184454,0 -41.960738371697,-20.9047118800484,0 -41.96618241288885,-20.91176499954017,0 -41.96753987835296,-20.91432733024723,0 -41.9688915437026,-20.91816815787163,0 -41.97364372163783,-20.9271363092032,0 -41.97500454330989,-20.92905939065084,0 -41.99003370543068,-20.93742789632275,0 -41.99413757083816,-20.93872212503212,0 -41.99481971690601,-20.93936401674874,0 -42.00907550577197,-20.93352500698207,0 -42.01386921020139,-20.93354479880081,0 -42.03031098326457,-20.93169125005735,0 -42.06998408433594,-20.94207877398372,0 -42.09122341438312,-20.93767389950055,0 -42.10899032435971,-20.94668980955307,0 -42.11103950301801,-20.94797590156426,0 -42.11923406867444,-20.95375941711076,0 -42.14729580327547,-20.95576263456572,0 -42.14797819427463,-20.95640429427617,0 -42.15403232512691,-20.98776160990639,0 -42.12658464588033,-21.00494651946045,0 -42.10396799519242,-21.0106304282474,0 -42.08199882005084,-21.02590293442353,0 -42.08946845665192,-21.04318921609819,0 -42.0915183790803,-21.04447450734351,0 -42.09561827607551,-21.04704496001639,0 -42.09972288199554,-21.04833675348724,0 -42.1208572329386,-21.07588928120493,0 -42.13107442337107,-21.09253843973451,0 -42.13175286658274,-21.09445791907507,0 -42.1365111662327,-21.10533748377085,0 -42.15846324936211,-21.09645267863835,0 -42.16661643772821,-21.11756709978818,0 -42.16729142515929,-21.12076465511889,0 -42.1775019206779,-21.14252346339845,0 -42.1788666283991,-21.14444462200513,0 -42.18160204182349,-21.14636948321989,0 -42.19664775986977,-21.1572753656143,0 -42.19800931801792,-21.16047482838807,0 -42.20344925102258,-21.1758297848326,0 -42.2041239802999,-21.1796668490043,0 -42.2048041552938,-21.18158630139881,0 -42.20477915537483,-21.19053556217807,0 -42.20196914526902,-21.21482099163482,0 -42.18960591039978,-21.22182038072967,0 -42.18339531065889,-21.23523018594506,0 -42.19088583612556,-21.25443423957389,0 -42.20319793510016,-21.26789820535479,0 -42.20456341754652,-21.27046027616544,0 -42.20524618509359,-21.27174133993663,0 -42.21345564632279,-21.28135817324108,0 -42.21482647955703,-21.2820015594588,0 -42.22166263099749,-21.29289519547153,0 -42.22302617253682,-21.29673750056888,0 -42.22302163650274,-21.29865686428953,0 -42.23190154749464,-21.31787709079602,0 -42.22225494054102,-21.33321095976315,0 -42.2284064943565,-21.34603044900316,0 -42.23593554981801,-21.35821597831242,0 -42.2366067604106,-21.36590199225811,0 -42.23658357073799,-21.37742985563369,0 -42.2386421365597,-21.37871663396283,0 -42.2468785553047,-21.38322352432996,0 -42.2344968529618,-21.3902353016849,0 -42.24203855633036,-21.39922626299651,0 -42.24272461258521,-21.39986895999493,0 -42.25164903212121,-21.40566138007641,0 -42.25370997154373,-21.40630805484692,0 -42.26334948044951,-21.39608278284696,0 -42.26679399156105,-21.4022616255802,0 -42.27501922671755,-21.41189589525347,0 -42.2756753900514,-21.42599350870733,0 -42.28252324217591,-21.43690030759027,0 -42.28659680219512,-21.4593242390792,0 -42.27009485675097,-21.4631258578022,0 -42.24049665121716,-21.48225371332932,0 -42.24254826558758,-21.48674015111086,0 -42.25008531311317,-21.49700119177118,0 -42.26244118410068,-21.5040726869155,0 -42.26381288886264,-21.50535596921132,0 -42.26930119196383,-21.50984880802887,0 -42.27136169703276,-21.51049370188102,0 -42.28784110879883,-21.51757049017624,0 -42.28989580972026,-21.52077406320632,0 -42.30087404398399,-21.52911474220259,0 -42.30429500979476,-21.53615853796211,0 -42.31527662417194,-21.54321697939701,0 -42.31456291240205,-21.55536753770781,0 -42.32760342623039,-21.56434589378494,0 -42.32828943446417,-21.56498665866728,0 -42.3406329211338,-21.57907684262128,0 -42.34747716328231,-21.59379432762443,0 -42.35091312329943,-21.59443947727065,0 -42.35503276526825,-21.5970036515863,0 -42.36188998835146,-21.60596511735674,0 -42.36049636935561,-21.61555208341371,0 -42.35565864439875,-21.62832911264052,0 -42.36525203888257,-21.6456029837072,0 -42.36385986222875,-21.65454924175348,0 -42.36042146901468,-21.65454376048962,0 -42.34873352096683,-21.65324620044512,0 -42.3459853992981,-21.65196320740115,0 -42.33704972601949,-21.6500302049336,0 -42.33567441859107,-21.65002777361225,0 -42.32741583753948,-21.65320878328529,0 -42.32535147385293,-21.65384417394084,0 -42.32328437256432,-21.65575787445085,0 -42.31090879203709,-21.65445607930124,0 -42.30884713458677,-21.65381289357916,0 -42.30266220904829,-21.65188314285859,0 -42.29645540427182,-21.65954086568074,0 -42.29507405986811,-21.66209477154779,0 -42.2936970921816,-21.66273114460596,0 -42.29162344254353,-21.66720112454134,0 -42.29093418144858,-21.66783888253637,0 -42.28059744757196,-21.67612660743334,0 -42.27853393529264,-21.67612224277846,0 -42.26821613962127,-21.67610001784527,0 -42.26750917736631,-21.68376866258139,0 -42.2688786229949,-21.68632835379116,0 -42.2702481052208,-21.68888801857109,0 -42.27228024395681,-21.70167583930834,0 -42.27706940089348,-21.71255183828922,0 -42.29012481317297,-21.71960931549292,0 -42.29149634142187,-21.72152955501281,0 -42.29287089975506,-21.72217144938828,0 -42.30660546805489,-21.73370311714581,0 -42.30797874694891,-21.73498406682065,0 -42.31141487144691,-21.73690803863035,0 -42.31553777354658,-21.73947240095448,0 -42.32378535445122,-21.74396168679352,0 -42.33685675079631,-21.74526311966812,0 -42.33754485976192,-21.74526430992168,0 -42.35681426787924,-21.74401831578632,0 -42.36163101156961,-21.74402611398251,0 -42.36988611931949,-21.745317567499,0 -42.38639410273201,-21.74981706254513,0 -42.38914274925658,-21.75237792734498,0 -42.38982993324353,-21.75301813924975,0 -42.39531997113683,-21.76325364513766,0 -42.39669362509053,-21.76517333662072,0 -42.40012939947911,-21.7690137503836,0 -42.40219340203365,-21.76965594769156,0 -42.41320662323288,-21.7696713476453,0 -42.41596000536691,-21.76967511083538,0 -42.42421791981349,-21.77160400480563,0 -42.42765908990396,-21.77224781287982,0 -42.43867304264406,-21.77290126397327,0 -42.44211457173906,-21.77354487013968,0 -42.45037298898681,-21.77675155771184,0 -42.45932143825942,-21.77931957659466,0 -42.46001000968107,-21.77932038781605,0 -42.47447055905516,-21.77933694090657,0 -42.48341633535179,-21.78893746608045,0 -42.48616921718887,-21.79213751655823,0 -42.58426710757185,-21.83244354605817,0 -42.58564110386776,-21.84267022528007,0 -42.67034713293685,-21.87654486584586,0 -42.67172497557992,-21.8771836946371,0 -42.67241159863955,-21.87079198084601,0 -42.69101508552669,-21.88229139996542,0 -42.81170843529141,-21.93783910704021,0 -42.83669637640379,-21.94893167562863,0 -42.88214178356149,-21.96138534833029,0 -42.88073542222043,-21.96862956598214,0 -42.89708677643966,-21.98308822384011,0 -42.94682938850243,-22.00998856950412,0 -42.96885462339103,-22.01784235152222,0 -42.96956610136117,-22.0184990486292,0 -42.98735233450905,-22.03359872415166,0 -42.98877407282433,-22.03425373688422,0 -43.00439438796282,-22.03355998727488,0 -43.00794836547175,-22.03486802843555,0 -43.01079230970891,-22.03617767959894,0 -43.0342575343363,-22.04665141077113,0 -43.02933479047457,-22.06443449772238,0 -43.07560358131584,-22.09261875043917,0 -43.07770195894603,-22.08208132171626,0 -43.1175275627587,-22.08789387597043,0 -43.11824083779191,-22.08855011174495,0 -43.12825226887731,-22.10432087861624,0 -43.1509126355526,-22.07791734584112,0 -43.14804866795134,-22.07265926514512,0 -43.13731280884563,-22.05294187324583,0 -43.13659502075416,-22.05096903163588,0 -43.13445319748244,-22.04834232102153,0 -43.1286915032233,-22.02597579329342,0 -43.15997997773285,-22.02850624624551,0 -43.1507347431886,-22.02787896652373,0 -43.14077533034505,-22.02593665728523,0 -43.17537864493454,-22.02687520275265,0 -43.17890030265664,-22.02686580114749,0 -43.1956336330035,-22.02845057690143,0 -43.20969283056886,-22.02351766433279,0 -43.22817603931516,-22.024277545516,0 -43.23079591842205,-22.02019270308296,0 -43.23689476308805,-22.00794297184457,0 -43.2650178545407,-22.00296036169164,0 -43.28175178731135,-22.00779557743708,0 -43.30287611173854,-22.0117964763492,0 -43.30639727903265,-22.01259874574021,0 -43.32222672206883,-22.01335433503806,0 -43.3230972701901,-22.01172061478165,0 -43.33098752697992,-22.00761411982446,0 -43.34853270959665,-22.00102286871088,0 -43.3697420862247,-22.02212855479087,0 -43.37062545951181,-22.02293984116007,0 -43.37504237743082,-22.02699608805921,0 -43.40413667886595,-22.04316615591372,0 -43.40590360134039,-22.04478784182861,0 -43.41121363147007,-22.05128226968938,0 -43.41562199745724,-22.05370629478301,0 -43.42971241277373,-22.05852864288409,0 -43.4349905496539,-22.05931813081944,0 -43.44555624077253,-22.06252588415839,0 -43.44907187613383,-22.06250861737943,0 -43.45260172752196,-22.06493542721966,0 -43.48075106976604,-22.06886658302831,0 -43.49483357581999,-22.072051870093,0 -43.50445237219774,-22.06385353899336,0 -43.5281734073336,-22.06209494002675,0 -43.54939246186885,-22.08152923796933,0 -43.55202971912202,-22.08151423309091,0 -43.55555131218016,-22.08230880259206,0 -43.56963315778408,-22.08467154323553,0 -43.58185145566973,-22.07074935755306,0 -43.5843935792097,-22.05606788375157,0 -43.60642576440782,-22.0640827527713,0 -43.61089782362718,-22.07546248919806,0 -43.61442049181044,-22.07625556762408,0 -43.63816385089221,-22.07610691591461,0 -43.64341837173004,-22.07281410751529,0 -43.64429783518991,-22.07280847908221,0 -43.65307043055564,-22.06949254699111,0 -43.65570902005511,-22.06947542999731,0 -43.66452161991662,-22.07186255808494,0 -43.66718884142403,-22.07591945649171,0 -43.6725182802469,-22.08321819842267,0 -43.67868797859912,-22.08480715504333,0 -43.6873993159477,-22.07252548707,0 -43.69268392189063,-22.07330476775325,0 -43.69708895164602,-22.07408985273124,0 -43.71471136165427,-22.07722886646807,0 -43.71649509017494,-22.08047644191862,0 -43.71826709467162,-22.08209411738827,0 -43.72974487707865,-22.08690407316771,0 -43.73503840971991,-22.08849693532076,0 -43.73591868376005,-22.08849074461481,0 -43.74297948280849,-22.0908859207992,0 -43.76316268829741,-22.08177559469433,0 -43.76309545950921,-22.07280971525666,0 -43.76569433499191,-22.06708458335086,0 -43.76745534494187,-22.06707164856359,0 -43.77273860672198,-22.0670327008475,0 -43.7859668016512,-22.06937997148468,0 -43.79663641890149,-22.082343611876,0 -43.80635888677313,-22.08634652119333,0 -43.80900846832639,-22.0871417173874,0 -43.81607039867374,-22.08871858314112,0 -43.83372900625012,-22.09265955930737,0 -43.83814291908224,-22.09344072303244,0 -43.84520190054254,-22.09420116325267,0 -43.85049179701393,-22.09415979336265,0 -43.85666387438756,-22.09411126900875,0 -43.86851528272201,-22.09552934711545,0 -43.89056704782678,-22.10977004261818,0 -43.90612445948467,-22.11474844784808,0 -43.92260824861564,-22.12140586262377,0 -43.92994663788463,-22.12558243978261,0 -43.93269004126056,-22.1264097609225,0 -43.94000835873913,-22.12889676521264,0 -43.95006863006616,-22.13220950605232,0 -43.95830551557779,-22.13553242875801,0 -43.96289791090263,-22.13887807604556,0 -43.97205353453279,-22.1430367011741,0 -43.97479528510926,-22.14386217370145,0 -43.9784476687477,-22.14468141693684,0 -43.98392119775402,-22.14548811907186,0 -43.99488593826219,-22.14878753042594,0 -43.99764575221583,-22.15129908064204,0 -44.00772657770244,-22.15713270870773,0 -44.00954733019315,-22.15711979419,0 -44.05417172022128,-22.15932238255493,0 -44.06329876579475,-22.16178245970984,0 -44.06785722394805,-22.16259054974057,0 -44.07700212924747,-22.16673504667287,0 -44.0871321344429,-22.17761411623011,0 -44.10075665293005,-22.17581881975422,0 -44.11170853538078,-22.17910099494704,0 -44.13027837047637,-22.21265153423071,0 -44.14219537631358,-22.22097343658558,0 -44.15591126828628,-22.22759246499787,0 -44.15773936157206,-22.22841866495461,0 -44.16140507614472,-22.23091303573021,0 -44.1696552199322,-22.23673501197225,0 -44.17240203106465,-22.23839474881833,0 -44.18063277249537,-22.24253122449788,0 -44.18420204234386,-22.23660433612615,0 -44.19245168751088,-22.24242388379512,0 -44.20801271452612,-22.2515424460752,0 -44.21073994089637,-22.25151707225827,0 -44.22166799124246,-22.25309856496943,0 -44.22804090386723,-22.25388028530942,0 -44.2335047116081,-22.25467027240209,0 -44.24813666790011,-22.26210655180265,0 -44.25905417903564,-22.26284233379695,0 -44.26085239996907,-22.26114115820793,0 -44.2625322850778,-22.24933873693143,0 -44.26433036511683,-22.24763729508907,0 -44.27244113833731,-22.24166398291279,0 -44.28061093606539,-22.24074111626526,0 -44.28786180775433,-22.23898487454077,0 -44.29875777904341,-22.23803334325031,0 -44.29967657516679,-22.23886604824596,0 -44.30794597382453,-22.24635962124173,0 -44.3097736696681,-22.24718287691249,0 -44.31342909405852,-22.24882932312751,0 -44.31706449936117,-22.24879204517529,0 -44.32798078758681,-22.24952126313971,0 -44.32979850056125,-22.24950240110041,0 -44.33616050944547,-22.24943614995809,0 -44.34888463593133,-22.24930255515384,0 -44.3616598417293,-22.25337633867986,0 -44.36806301250108,-22.25667522391552,0 -44.37356772067078,-22.26082515700756,0 -44.3845471735413,-22.26659888095865,0 -44.39992831379136,-22.26053820191837,0 -44.41354326150461,-22.25870390034994,0 -44.4262392682324,-22.25603632492388,0 -44.43989709472623,-22.25756577298569,0 -44.4435337975256,-22.25752440487229,0 -44.45900104728953,-22.2581890647547,0 -44.46173938855376,-22.25899937674597,0 -44.46266970692422,-22.26067244157765,0 -44.51146155942318,-22.30639832552014,0 -44.51972596774809,-22.31219166079369,0 -44.5326510899093,-22.32634481115749,0 -44.5435940567348,-22.3278965271714,0 -44.58831265547353,-22.33576665879125,0 -44.59188743080565,-22.33067202358916,0 -44.60278136917873,-22.32801086898914,0 -44.60824571750807,-22.32794233624916,0 -44.61282232291715,-22.32956838547615,0 -44.61464395342195,-22.32954543354516,0 -44.6210428108897,-22.331148259304,0 -44.62469796066592,-22.33194381534661,0 -44.63294285376798,-22.33520646774037,0 -44.63572203189867,-22.33853846829678,0 -44.6608526936485,-22.37609948667914,0 -44.6908710481644,-22.37066205808942,0 -44.7054286249501,-22.36794620310943,0 -44.72330492977143,-22.36030655748396,0 -44.7406403412512,-22.36260493941169,0 -44.74434213927321,-22.3667735072921,0 -44.74993691082575,-22.37597770155899,0 -44.75271660578879,-22.37931414286232,0 -44.76824619552328,-22.38247535044076,0 -44.77281194407619,-22.38325580744263,0 -44.78194394029927,-22.38481603296897,0 -44.7929224510626,-22.38803650856695,0 -44.79475632474644,-22.38885424349861,0 -44.80580858810541,-22.39713279029026,0 -44.79497347251509,-22.4040322567261,0 -44.79224063512076,-22.40407054326176,0 -44.7504040774528,-22.40886271683275,0 -44.74768408019992,-22.40974267089139,0 -44.74049497229377,-22.41658419914597,0 -44.73872176293628,-22.41998005582674,0 -44.73424072518507,-22.42509773815843,0 -44.72796256459719,-22.4319243121234,0 -44.72801067729841,-22.43529493435111,0 -44.72809494257869,-22.44119311243814,0 -44.72729275726802,-22.4487878642822,0 -44.72472971053246,-22.46061770208782,0 -44.72476594654857,-22.46314469544327,0 -44.7230654601152,-22.4715913911389,0 -44.7204301424446,-22.47836483165483,0 -44.72045434627171,-22.48004911792313,0 -44.71694468666357,-22.48935981031984,0 -44.7143579058039,-22.499499404579,0 -44.71441854390933,-22.50370903298595,0 -44.71360487305034,-22.51045590169622,0 -44.69449145505866,-22.51154483716146,0 -44.68731447161258,-22.5192141187896,0 -44.68369576324423,-22.52094402184887,0 -44.6809757142939,-22.52182047645141,0 -44.6773690509169,-22.52439181251686,0 -44.67016768576847,-22.53037554959697,0 -44.67594558823429,-22.5521874007289,0 -44.67969770951708,-22.55971452944351,0 -44.65505767752022,-22.55665730358328,0 -44.65413490102311,-22.55582718590567,0 -44.64864635296972,-22.55421209926876,0 -44.63309220705555,-22.54935405715988,0 -44.63313987295209,-22.55272000124679,0 -44.63340224101424,-22.57123099382519,0 -44.63533135159246,-22.57878059123198,0 -44.63534329978616,-22.57962188790045,0 -44.63736835942063,-22.59390089626728,0 -44.63386821769826,-22.60403987439057,0 -44.61109452258876,-22.60431675616886,0 -44.60198509388422,-22.60442637203735,0 -44.59016634153922,-22.606250225396,0 -44.58929067859854,-22.60878453457486,0 -44.58857967539102,-22.62309435786979,0 -44.57938717624486,-22.61731472294841,0 -44.5775065735969,-22.61313062558521,0 -44.57654874158499,-22.60977681184785,0 -44.56996160202455,-22.59471046515057,0 -44.56812808691321,-22.59389061376735,0 -44.54281820146603,-22.60848782909972,0 -44.54193026517381,-22.6101806879082,0 -44.53744417860037,-22.61528014746575,0 -44.53112402422941,-22.61955911954056,0 -44.52028191467637,-22.62641306889503,0 -44.52032767806411,-22.62977754873248,0 -44.52413283254334,-22.64151121573403,0 -44.50955232852394,-22.64167709218728,0 -44.50315039817091,-22.64006698721744,0 -44.5022163894746,-22.63839505499068,0 -44.49197689678323,-22.62252576421198,0 -44.48736399842506,-22.61837056270927,0 -44.48644142813073,-22.61753948789455,0 -44.47903845108893,-22.60920787662764,0 -44.47809337808327,-22.60669412482396,0 -44.47624832430316,-22.60503164310124,0 -44.47432446279868,-22.59747992558561,0 -44.47155697472875,-22.59498590027974,0 -44.45260975255125,-22.60949697393605,0 -44.44622977665353,-22.60956594893065,0 -44.43708179786271,-22.60713990080195,0 -44.43430299042821,-22.60380369326939,0 -44.43245785695935,-22.60214037853597,0 -44.42507730481269,-22.59548655251047,0 -44.42054173871588,-22.59721759801547,0 -44.41240348981568,-22.60235259491249,0 -44.4078671824038,-22.60408327154136,0 -44.40118928924309,-22.58142914429547,0 -44.40294649696433,-22.57636073522315,0 -44.40193577666701,-22.5687955279294,0 -44.40006857002563,-22.56544767731538,0 -44.39272089981282,-22.56131403230287,0 -44.39089768996858,-22.56133266407875,0 -44.38727314661019,-22.56305330218773,0 -44.37911178841715,-22.56650354524781,0 -44.37733204512604,-22.56988889232331,0 -44.37465125511081,-22.57412506780636,0 -44.37103665342244,-22.57668698470741,0 -44.35312121891159,-22.6021196883647,0 -44.34015797948341,-22.58709695811784,0 -44.33376179332654,-22.58631811127369,0 -44.32013028983404,-22.59066064020511,0 -44.31830546086341,-22.59067837532937,0 -44.3101355793863,-22.59412502613029,0 -44.3037581802235,-22.59502836683541,0 -44.27280666562655,-22.60205802631144,0 -44.2654608125241,-22.59875875250636,0 -44.26098827107704,-22.6063786046349,0 -44.25002927906596,-22.60648028861339,0 -44.24635539754865,-22.60483001871079,0 -44.22176101410882,-22.6109490349934,0 -44.21264317863132,-22.61271548393393,0 -44.19535691625118,-22.61960745202755,0 -44.19004987282131,-22.63481458841285,0 -44.17277248660056,-22.64339033805619,0 -44.17204183347585,-22.65939920281054,0 -44.16747751013921,-22.66028214160586,0 -44.15655563998725,-22.66543266510147,0 -44.16584844923818,-22.67798315352709,0 -44.17043263343346,-22.67878398527325,0 -44.17707412950446,-22.69977677208012,0 -44.17800794630249,-22.70145236708358,0 -44.1798849365621,-22.7056454697628,0 -44.19555022301331,-22.71560363239105,0 -44.201095294825,-22.72060313824926,0 -44.20215167273967,-22.73322262632055,0 -44.21771940093317,-22.73475682705944,0 -44.23055974230672,-22.7379995731218,0 -44.23706541197335,-22.74719590770043,0 -44.24081833213314,-22.75557696992862,0 -44.24082788075918,-22.75641868578741,0 -44.2592088658878,-22.76465282585569,0 -44.25032366605152,-22.78747072398428,0 -44.24312042706249,-22.79764597567944,0 -44.24314853537911,-22.8001713573796,0 -44.24507138455061,-22.80857079941319,0 -44.24691008327982,-22.80939393161159,0 -44.25241661901119,-22.81102137417822,0 -44.26528616928263,-22.81678193296986,0 -44.27175366034025,-22.82260781297635,0 -44.27544932099784,-22.82593670541976,0 -44.28279302087009,-22.82838539902855,0 -44.30103936796091,-22.82482624034681,0 -44.30286756274265,-22.82480692787191,0 -44.30652386772871,-22.82476825503095,0 -44.31481832749753,-22.83057229617789,0 -44.31853296091583,-22.83558306872305,0 -44.32411482819371,-22.84394072210448,0 -44.33777458667136,-22.83958496639257,0 -44.35800747462391,-22.85030715248105,0 -44.36809845678674,-22.85356332484054,0 -44.37083945698033,-22.85353320094491,0 -44.3809095019398,-22.85510551956737,0 -44.3836501892613,-22.85507522777106,0 -44.39820409129349,-22.8498642715372,0 -44.40731681868441,-22.84807976190764,0 -44.41732081204552,-22.84460198477487,0 -44.41914720886032,-22.84458155574252,0 -44.42652644407383,-22.85038936415441,0 -44.42654754844784,-22.85207215870789,0 -44.42751351916515,-22.85626896499705,0 -44.43313038400992,-22.86714595853584,0 -44.43960821991865,-22.87380538509001,0 -44.44967565107326,-22.87537408492901,0 -44.45150215362458,-22.87535325723356,0 -44.45516585036415,-22.87615303504069,0 -44.46341716451974,-22.87858342122234,0 -44.46799399341825,-22.87937250754785,0 -44.47713661500683,-22.88010892937435,0 -44.48698306732729,-22.8648477209715,0 -44.48788502615712,-22.8639958341032,0 -44.489644752854,-22.85892673378158,0 -44.51532834131928,-22.86788481867905,0 -44.52449097954815,-22.87030217650479,0 -44.52725225989985,-22.87195279592865,0 -44.53549090188663,-22.8735390560364,0 -44.53825234701657,-22.87518955497316,0 -44.5474385018366,-22.8792887473152,0 -44.55203753890726,-22.88175892891964,0 -44.55936392980263,-22.88335518749684,0 -44.57847602415072,-22.87892021672376,0 -44.58304023142514,-22.8788656905084,0 -44.58760441565948,-22.87881107940902,0 -44.59398237394274,-22.87789314487401,0 -44.62229186753068,-22.87839325629531,0 -44.62240080058464,-22.88596549819995,0 -44.6233742793628,-22.89016141849164,0 -44.63077523402037,-22.89680428044456,0 -44.640928766729,-22.90425544619078,0 -44.64371723080635,-22.90758816573974,0 -44.65856366887003,-22.92340004833805,0 -44.66132850200901,-22.92504983905981,0 -44.66500678720183,-22.92668846437396,0 -44.67507878969444,-22.92824853500002,0 -44.68060971144128,-22.93154804532554,0 -44.68611569222656,-22.93316404093435,0 -44.68978225661751,-22.93396073745167,0 -44.71819231903335,-22.93950280500643,0 -44.72557998109647,-22.94446316611032,0 -44.72650679523809,-22.94529370836539,0 -44.73292925320395,-22.94689790410715,0 -44.73659754887181,-22.94769426672964,0 -44.74760325385959,-22.95008324760394,0 -44.75229293967482,-22.95760425863521,0 -44.78926859613551,-22.98241228667735,0 -44.80125440247602,-22.98815978202613,0 -44.80218295421143,-22.98899074719753,0 -44.80226597385118,-23.00232601319149,0 -44.7924484404942,-23.0176060413107,0 -44.80095933792791,-23.03600751299647,0 -44.80770958633969,-23.05863631187982,0 -44.81331165586862,-23.06613372864675,0 -44.81339036811652,-23.07118056523615,0 -44.81175900752376,-23.08382146069115,0 -44.81831595589527,-23.09382860751796,0 -44.80839102869996,-23.1023729288356,0 -44.81792902019117,-23.12747989302062,0 -44.81718625227786,-23.13842399561397,0 -44.82919379706978,-23.1458329228566,0 -44.8239188702389,-23.15936058011963,0 -44.83778491521135,-23.16842596355698,0 -44.84428157763009,-23.17422569137479,0 -44.84799428209775,-23.1775397132496,0 -44.84983726266691,-23.17835582729708,0 -44.86365398762377,-23.18405563125692,0 -44.87389462600164,-23.19484978357703,0 -44.87767743899876,-23.20236773977753,0 -44.87956223786377,-23.20570627633736,0 -44.88141976847717,-23.20736301246851,0 -44.88706152247077,-23.21653772851524,0 -44.88713032493419,-23.2207423141767,0 -44.8871440908123,-23.22158323763596,0 -44.88364833170679,-23.23172449998963,0 -44.87370391385294,-23.23943030043147,0 -44.86373145642843,-23.24545362437005,0 -44.84451076480934,-23.24571305044808,0 -44.84268027576423,-23.24573765153828,0 -44.83452386030324,-23.25089372501655,0 -44.83274709207409,-23.25428199718263,0 -44.82741629506089,-23.26444688535067,0 -44.82748337656773,-23.26865179416189,0 -44.82491149627575,-23.27962148054639,0 -44.81676578390651,-23.28561828664996,0 -44.80206481200698,-23.28244805694896,0 -44.79313425571207,-23.2968667420231,0 -44.79224503554684,-23.29856097951838,0 -44.78322025088217,-23.3070923863485,0 -44.77780472308999,-23.31221124005888,0 -44.77793549864097,-23.32062309960958,0 -44.77262337900081,-23.33247232291422,0 -44.75456349127418,-23.34953759287547,0 -44.75101509543124,-23.35715790943508,0 -44.75011183260501,-23.35801124100431,0 -44.73365941243529,-23.36074913430022,0 -44.73000736762424,-23.36163791696965,0 -44.719941716462,-23.36260924911848,0 -44.69161030410456,-23.36948118148058,0 -44.668397159422,-23.36183335910702,0 -44.62797591122061,-23.36102380864235,0 -44.62362771045834,-23.35975407703837,0 -44.58465611341484,-23.35891578538622,0 -44.5817514926345,-23.35762715779452,0 -44.56422914804025,-23.34327323941856,0 -44.55840218400417,-23.33937106810076,0 -44.55694071366268,-23.33806443793541,0 -44.51931060035381,-23.32924791798073,0 -44.51642633685498,-23.32928240055683,0 -44.50344718226903,-23.32943691621878,0 -44.4746045497922,-23.329776444493,0 -44.41832357777333,-23.3277747502989,0 -44.4124836786176,-23.32254278772844,0 -44.37175296310331,-23.29650579035208,0 -44.36449054001359,-23.2926116644065,0 -44.35434416052662,-23.28874845387413,0 -44.33552807700293,-23.28365305091951,0 -44.32393974783748,-23.27980287470346,0 -44.28196286164403,-23.26832053579917,0 -44.27761911508732,-23.26704054693031,0 -44.26896452672771,-23.26712945483486,0 -44.26175202967229,-23.26720315191467,0 -44.214108959484,-23.26503090116285,0 -44.20259647730252,-23.26779400489635,0 -44.16798782255897,-23.270778758932,0 -44.15931061854853,-23.26953618580002,0 -44.15640777876562,-23.26823849237714,0 -44.12303057178197,-23.25397148259353,0 -44.11869852637789,-23.25401120764223,0 -44.11003384497675,-23.25409026608897,0 -44.08114606518312,-23.25435001952725,0 -44.06380908464112,-23.2545030846811,0 -44.00733973442633,-23.24570513804841,0 -44.00006768060872,-23.2417874123555,0 -43.99133506832869,-23.2365548631979,0 -43.98696852814432,-23.23393819207856,0 -43.98115577143285,-23.23133296038766,0 -43.92593285379007,-23.20788932568169,0 -43.91866948446591,-23.20529063095585,0 -43.91432780518302,-23.2053230965056,0 -43.90272112100105,-23.20275552498424,0 -43.89399431889208,-23.19883875828056,0 -43.86778152717297,-23.18442824313385,0 -43.86343692782862,-23.18445857555941,0 -43.85616815015828,-23.18185443492901,0 -43.84601495540232,-23.18059666650233,0 -43.8038300850643,-23.16494404508278,0 -43.79948120503744,-23.164971757679,0 -43.79366888896603,-23.16368067882024,0 -43.78786925671793,-23.16371709441387,0 -43.7399466779091,-23.15869444583986,0 -43.73848246319295,-23.15737458397019,0 -43.73121264685309,-23.15608825663543,0 -43.72103837640436,-23.15481787413814,0 -43.67880551771393,-23.14308918061915,0 -43.67299337137995,-23.14311956178916,0 -43.66716793163014,-23.14182057833194,0 -43.62349908290484,-23.13671922337624,0 -43.56930721921425,-23.13966016445961,0 -43.52175901187216,-23.13728589053433,0 -43.51167753995473,-23.13734234643106,0 -43.4987158321821,-23.13741402525024,0 -43.48863462151657,-23.13746906990895,0 -43.45263068220661,-23.13766062111857,0 -43.44686195477878,-23.13636621223541,0 -43.43677292690103,-23.13509374834774,0 -43.37482267338993,-23.13142563915674,0 -43.37050198780047,-23.13144603412894,0 -43.36042021033295,-23.13149317849522,0 -43.35321877559119,-23.13152647259342,0 -43.27110344690047,-23.13055906714959,0 -43.263899585746,-23.13058841445204,0 -43.2523728671719,-23.13063470981722,0 -43.23652245530472,-23.13069703906522,0 -43.22931722998128,-23.13072486271621,0 -43.18461016291916,-23.12426629752051,0 -43.17884434456222,-23.12428665719876,0 -43.16298704571273,-23.1243415889306,0 -43.13270855117637,-23.12444215105137,0 -43.11540309907668,-23.12449707620013,0 -43.02015985714671,-23.12078966418447,0 -43.01438147711431,-23.11947856370839,0 -43.00282390524275,-23.11685555911997,0 -42.99704834482782,-23.11686926452076,0 -42.90889575601103,-23.10644341430321,0 -42.90166788071634,-23.1064559101797,0 -42.89443924828809,-23.10646807535573,0 -42.88287184325603,-23.10648685154899,0 -42.86840975546525,-23.10650913039643,0 -42.8220987334107,-23.09993784020258,0 -42.81196430461524,-23.09862248696571,0 -42.80183024907824,-23.09863321317576,0 -42.78879813155609,-23.09864603726161,0 -42.77865833315724,-23.09732818811242,0 -42.71198057633618,-23.08542318773442,0 -42.70908035762664,-23.08542421163637,0 -42.69892820091501,-23.08542736267607,0 -42.68587239830289,-23.08543042460215,0 -42.67861769276101,-23.08543164441671,0 -42.61182161541764,-23.07745533714854,0 -42.60455576039981,-23.07612397159016,0 -42.59728900621044,-23.07612082682487,0 -42.59002113635533,-23.07611733208009,0 -42.5798440088876,-23.07478296223105,0 -42.57402750802949,-23.07345051244191,0 -42.55802877092848,-23.06546481578151,0 -42.55366467546711,-23.06280290192867,0 -42.53911435577263,-23.06278982331233,0 -42.51873630364128,-23.05878042874071,0 -42.47085973376742,-23.06677575511646,0 -42.46222536259826,-23.0627926924422,0 -42.38019367907893,-23.04943794359031,0 -42.36724010938961,-23.04941712506927,0 -42.35428669665316,-23.04939535070027,0 -42.33700714618025,-23.05333808805283,0 -42.26357623572977,-23.06246084405791,0 -42.25061311199423,-23.06508055401438,0 -42.24341524167927,-23.06506388857017,0 -42.19302190402075,-23.06626373795011,0 -42.18005872559654,-23.06755402220988,0 -42.13826285869388,-23.07671017612257,0 -42.07193999973894,-23.08975556428437,0 -41.93919573199416,-23.10783751571944,0 -41.93053825788532,-23.10780378808073,0 -41.85565356696465,-23.07832481372759,0 -41.85568611028147,-23.07302141938816,0 -41.85573467078969,-23.06506645837699,0 -41.85588643242613,-23.0398767082122,0 -41.85449828308086,-23.03058987721379,0 -41.85167446251244,-23.01997053519939,0 -41.83756015630424,-22.96554441058734,0 -41.83474268823525,-22.95359749376822,0 -41.83190981842493,-22.94430180147556,0 -41.82057656515552,-22.90711477102253,0 -41.81914865855769,-22.90445491097395,0 -41.81487214019101,-22.89514884736743,0 -41.81057347404388,-22.88982049113899,0 -41.8033965225777,-22.88314929769282,0 -41.77333749860482,-22.83920066978988,0 -41.77191629892941,-22.83521198278712,0 -41.77050955889656,-22.82856974078244,0 -41.76956201973463,-22.7330106171379,0 -41.77245950885077,-22.73037465783376,0 -41.77829847091665,-22.71580944674822,0 -41.77974679831868,-22.71449137054103,0 -41.7986180386919,-22.68673263389961,0 -41.80296599997199,-22.68144966244289,0 -41.80586032402885,-22.6788128467925,0 -41.81747010927345,-22.66029666358562,0 -41.82182098290824,-22.65368446045226,0 -41.82327864137095,-22.64970940884585,0 -41.83777193028516,-22.62855091285511,0 -41.83922300327683,-22.62590343845181,0 -41.84212491460667,-22.62060837332544,0 -41.84942476642313,-22.59541077870853,0 -41.84952584804622,-22.56882960056709,0 -41.84809096729728,-22.56749067337728,0 -41.83806598630088,-22.55279828524686,0 -41.83520072669894,-22.54878947084229,0 -41.80509123684089,-22.51132946792366,0 -41.80365554072415,-22.50998819902173,0 -41.78927322446494,-22.50322658094095,0 -41.78063781721703,-22.50049877708661,0 -41.75041527152382,-22.48827978239743,0 -41.7460953623626,-22.48691333945584,0 -41.73601290685839,-22.48416775865514,0 -41.72737091342675,-22.48143273530613,0 -41.70577055598896,-22.47192596944468,0 -41.69568662417851,-22.4678417721242,0 -41.66110854923049,-22.45154006965918,0 -41.65391387775256,-22.444808385388,0 -41.65104027373695,-22.44078204102105,0 -41.63811318596632,-22.42065671189696,0 -41.63669559159773,-22.41263988216524,0 -41.63385909800341,-22.39660224132647,0 -41.56945849687273,-22.33336143695177,0 -41.56641221188659,-22.32906991988217,0 -41.53592079859314,-22.29042401951807,0 -41.52672749516071,-22.28466739354025,0 -41.50676576914702,-22.27741398428794,0 -41.47295209843412,-22.26863807696334,0 -41.40683529914035,-22.25249780572722,0 -41.40068318831041,-22.25102791225256,0 -41.38534719923356,-22.24236608259881,0 -41.35766359477353,-22.23503210280311,0 -41.34071538350852,-22.23347594883886,0 -41.29000427554613,-22.21312048245867,0 -41.28078819584443,-22.20876911624602,0 -41.26385538817344,-22.20435236551788,0 -41.20232891667715,-22.18101273596642,0 -41.19157509685972,-22.1752134788479,0 -41.16848964477276,-22.16644836225276,0 -41.14233619964588,-22.15479629465678,0 -41.12693746534621,-22.1489451644571,0 -41.07451821570172,-22.13274087166226,0 -41.06992195914491,-22.12841408351811,0 -41.060682926413,-22.12403998782237,0 -41.04528176093193,-22.11674730353515,0 -41.02213472288154,-22.10937057976165,0 -40.99437769372079,-22.0976552167902,0 -40.95118297887497,-22.07861741111069,0 -40.94654685468842,-22.07713718384247,0 -40.92954949904726,-22.07123127993709,0 -40.91408249315776,-22.06676818848152,0 -40.89558597130878,-22.05512181039268,0 -40.89102434369276,-22.04649341521766,0 -40.88953521656724,-22.0407590184695,0 -40.88346708128444,-22.02782282014553,0 -40.88101938892135,-21.96631869253198,0 -40.88576414573049,-21.95779866771365,0 -40.89213168983002,-21.94214901462592,0 -40.91594410026879,-21.8866739057959,0 -40.91757586463168,-21.8781120313817,0 -40.92230704374708,-21.86958985302069,0 -40.92391039518883,-21.86388810309485,0 -40.92863934406073,-21.85536537317368,0 -40.94620551796891,-21.79692201089936,0 -40.94936476616749,-21.78980654724241,0 -40.95097458872242,-21.78267005995768,0 -40.95257181668328,-21.77696464227436,0 -40.95418071082423,-21.76982729760419,0 -40.94065309804769,-21.58520939359769,0 -40.94070295676088,-21.58093299078005,0 -40.94078582319611,-21.57380559130942,0 -40.94238903767472,-21.56811990000525,0 -40.94399195642023,-21.56243422454093,0 -40.95371471105184,-21.51834102434339,0 -40.95686718159334,-21.51124610117366,0 -40.95689897901785,-21.5083948660698,0 -40.95849865775501,-21.50270891284366,0 -40.96169701239294,-21.49133684859318,0 -40.96332705811049,-21.48279929214197,0 -40.96340510914687,-21.47567054606132,0 -40.97160543776334,-21.42727380940429,0 -40.9716961606771,-21.41871712041395,0 -40.97180150983967,-21.40873375638434,0 -40.96944013031824,-21.34022238940223,0 -40.9630392255347,-21.30482233499213,0 
						</coordinates>
					</LinearRing>
				</outerBoundaryIs>
			</Polygon>
		</Placemark>
	</Folder>
	<Folder id="MORRODOESTADO">
		<name>MORRO DO ESTADO</name>
		<LookAt>
			<longitude>-42.60810712761731</longitude>
			<latitude>-21.94281857152691</latitude>
			<altitude>0</altitude>
			<heading>72.84717457283558</heading>
			<tilt>21.20254258488342</tilt>
			<range>1099.262571595095</range>
			<gx:altitudeMode>relativeToSeaFloor</gx:altitudeMode>
		</LookAt>
		<Style>
			<ListStyle>
				<listItemType>check</listItemType>
				<bgColor>00ffffff</bgColor>
				<maxSnippetLines>2</maxSnippetLines>
			</ListStyle>
		</Style>
		<Placemark>
			<name>Q - 01</name>
			<styleUrl>#msn_ylw-pushpin311</styleUrl>
			<Polygon>
				<tessellate>1</tessellate>
				<outerBoundaryIs>
					<LinearRing>
						<coordinates>
							-42.60465950887132,-21.9427285363429,0 -42.60553646870677,-21.94259116424496,0 -42.60593371370546,-21.94257234693241,0 -42.60634270026981,-21.94256520411896,0 -42.60659209219695,-21.94251896037746,0 -42.60678682362197,-21.94242456190013,0 -42.60699135536996,-21.94237201048936,0 -42.60712219395072,-21.94240730186065,0 -42.60722094829825,-21.94247556644488,0 -42.60730656814499,-21.94264726540577,0 -42.60739443210341,-21.94281863780693,0 -42.6075480889364,-21.9430508605012,0 -42.60769987174297,-21.94318128381601,0 -42.60786662658726,-21.94323226085458,0 -42.60815775730213,-21.94329248703997,0 -42.60859334551001,-21.94336021440364,0 -42.60891229604518,-21.94339506940821,0 -42.60934878278953,-21.9434543926536,0 -42.60964608254834,-21.94356875949339,0 -42.60986815041701,-21.94361527417427,0 -42.60995310404248,-21.94359481049328,0 -42.61003829333372,-21.94356918929902,0 -42.61018657832628,-21.94398195879257,0 -42.61066568901867,-21.94501921382815,0 -42.61089479387203,-21.94562662370037,0 -42.61051068972991,-21.9457996515873,0 -42.6091468497432,-21.94533299224942,0 -42.60910519043397,-21.94509536589516,0 -42.60962146260074,-21.94480153130976,0 -42.61010182447212,-21.94461660435106,0 -42.61023401867637,-21.94455331712802,0 -42.61002417694645,-21.94405541950761,0 -42.60875016230032,-21.94380758260203,0 -42.60687949199686,-21.94341067126082,0 -42.6057138395896,-21.94324384619658,0 -42.60465217820001,-21.94303175968733,0 -42.60458160298024,-21.94350138158869,0 -42.60384936621654,-21.94348996977807,0 -42.60387674042435,-21.94231379463023,0 -42.6046402850206,-21.94228169602479,0 -42.60465950887132,-21.9427285363429,0 
						</coordinates>
					</LinearRing>
				</outerBoundaryIs>
			</Polygon>
		</Placemark>
		<Placemark>
			<name>Q - 02</name>
			<LookAt>
				<longitude>-42.6098088933711</longitude>
				<latitude>-21.94155380008187</latitude>
				<altitude>0</altitude>
				<heading>23.62602695298505</heading>
				<tilt>26.9853686339729</tilt>
				<range>518.5839798743098</range>
				<gx:altitudeMode>relativeToSeaFloor</gx:altitudeMode>
			</LookAt>
			<styleUrl>#msn_ylw-pushpin2301</styleUrl>
			<Polygon>
				<tessellate>1</tessellate>
				<outerBoundaryIs>
					<LinearRing>
						<coordinates>
							-42.61010440109156,-21.94122974372797,0 -42.61025759810626,-21.9413660896588,0 -42.61026326058049,-21.94147250855122,0 -42.61024043561149,-21.94170810664804,0 -42.61018519085678,-21.94188344141189,0 -42.6100318779092,-21.942222323913,0 -42.60981876616163,-21.94243798720617,0 -42.60974982759641,-21.94270415269859,0 -42.60993090574855,-21.94310179408754,0 -42.61001434098256,-21.94343973801921,0 -42.6100172618558,-21.94350751190197,0 -42.60990994749287,-21.94354034829642,0 -42.60979406129308,-21.94351244900361,0 -42.60964829002355,-21.94348330131851,0 -42.60952993854279,-21.94343471661589,0 -42.60937431511648,-21.94338039239368,0 -42.60915133784136,-21.94333122978245,0 -42.60886813872273,-21.94331611616405,0 -42.608609016286,-21.94327761552183,0 -42.60829259485742,-21.94322291768,0 -42.60791255345175,-21.94317498750776,0 -42.60775315575777,-21.94312286071609,0 -42.60779370139315,-21.94311293661486,0 -42.60794529056331,-21.94307164054378,0 -42.60820688224529,-21.94303886203392,0 -42.60876812453387,-21.94295188535074,0 -42.60885924377114,-21.94292474120815,0 -42.60896828105978,-21.94286543970669,0 -42.60913133932932,-21.94271172748913,0 -42.60946618558348,-21.94233008018155,0 -42.60968150224252,-21.94208040783792,0 -42.60985135940019,-21.94183474588691,0 -42.61003993765375,-21.94143664930344,0 -42.61004438833999,-21.94120230170533,0 -42.61010440109156,-21.94122974372797,0 
						</coordinates>
					</LinearRing>
				</outerBoundaryIs>
			</Polygon>
		</Placemark>
		<Placemark>
			<name>Q - 03</name>
			<LookAt>
				<longitude>-42.60878426211593</longitude>
				<latitude>-21.94169334054336</latitude>
				<altitude>0</altitude>
				<heading>85.62077477228823</heading>
				<tilt>30.00175879333878</tilt>
				<range>389.8995686697724</range>
				<gx:altitudeMode>relativeToSeaFloor</gx:altitudeMode>
			</LookAt>
			<styleUrl>#msn_ylw-pushpin232</styleUrl>
			<Polygon>
				<tessellate>1</tessellate>
				<outerBoundaryIs>
					<LinearRing>
						<coordinates>
							-42.60974281338915,-21.93984776347212,0 -42.60973003465709,-21.9399356524533,0 -42.60964979470343,-21.94060347877761,0 -42.60971007047786,-21.94077797491625,0 -42.60980095720537,-21.94092677828187,0 -42.60985826622063,-21.94103392520729,0 -42.60994951946201,-21.94121616355517,0 -42.61000389010839,-21.94133475378101,0 -42.60999969451296,-21.94143951685574,0 -42.6097994875053,-21.94185997502135,0 -42.6096774294581,-21.94202610526727,0 -42.60961393041737,-21.94211859303288,0 -42.60935902519478,-21.94198588684904,0 -42.60944049526332,-21.94177573234993,0 -42.60941852834069,-21.94158279290996,0 -42.60930310799292,-21.94119817168397,0 -42.60936681386794,-21.9408438068804,0 -42.609392493701,-21.9407457377318,0 -42.60943474316663,-21.94054600480285,0 -42.60974281338915,-21.93984776347212,0 
						</coordinates>
					</LinearRing>
				</outerBoundaryIs>
			</Polygon>
		</Placemark>
		<Placemark>
			<name>Q - 04</name>
			<styleUrl>#msn_ylw-pushpin2301</styleUrl>
			<Polygon>
				<tessellate>1</tessellate>
				<outerBoundaryIs>
					<LinearRing>
						<coordinates>
							-42.60960596788355,-21.94213526411365,0 -42.60950904040754,-21.94223839480579,0 -42.60934123694277,-21.94241549960597,0 -42.60916449749678,-21.94262252669762,0 -42.60907015237331,-21.94273488061327,0 -42.60898428295562,-21.94281288299708,0 -42.60878971663883,-21.94289938011893,0 -42.60861681108231,-21.94292961227333,0 -42.60827272914329,-21.94298979028313,0 -42.60801790010981,-21.94301160707758,0 -42.60784575060523,-21.94307991072327,0 -42.60771578102295,-21.94310937086044,0 -42.60757597925397,-21.94300997780186,0 -42.60751575253531,-21.94293225290845,0 -42.60742499950847,-21.942715245667,0 -42.60724950790959,-21.94239127705009,0 -42.60744505424166,-21.94245301683673,0 -42.60780500960448,-21.94257769284364,0 -42.60819460017022,-21.94259479462785,0 -42.60841701243367,-21.94255389468193,0 -42.60863524302815,-21.94249157129166,0 -42.60881012064651,-21.94240010771593,0 -42.60900147694425,-21.94229711096273,0 -42.60919914982541,-21.94214382008852,0 -42.6093502350575,-21.94200275837186,0 -42.60960596788355,-21.94213526411365,0 
						</coordinates>
					</LinearRing>
				</outerBoundaryIs>
			</Polygon>
		</Placemark>
		<Placemark>
			<name>Q - 05</name>
			<LookAt>
				<longitude>-42.60722319164651</longitude>
				<latitude>-21.94227873189481</latitude>
				<altitude>0</altitude>
				<heading>79.91228199989104</heading>
				<tilt>34.2969226492282</tilt>
				<range>538.5066973552764</range>
				<gx:altitudeMode>relativeToSeaFloor</gx:altitudeMode>
			</LookAt>
			<styleUrl>#msn_ylw-pushpin232</styleUrl>
			<Polygon>
				<tessellate>1</tessellate>
				<outerBoundaryIs>
					<LinearRing>
						<coordinates>
							-42.60913766955775,-21.94213742548044,0 -42.60912032890381,-21.94215423348594,0 -42.60896785415812,-21.94228181094363,0 -42.60890756642995,-21.94231118892048,0 -42.60869976397213,-21.94241870183996,0 -42.60841172631719,-21.94251675830838,0 -42.60805798621691,-21.94256093577675,0 -42.60779459858426,-21.94252013640192,0 -42.60731199117659,-21.94236491693305,0 -42.60693719859007,-21.94231649179625,0 -42.60674693726461,-21.94235791745936,0 -42.6065917079133,-21.94245967983512,0 -42.60639341935087,-21.94249991999033,0 -42.60630273274059,-21.9424757863347,0 -42.60626320326292,-21.94241283156609,0 -42.60630853038721,-21.94222574713588,0 -42.60646988265596,-21.94208519442517,0 -42.60665640729197,-21.94208286744937,0 -42.60693061097956,-21.94207512326533,0 -42.60726563551786,-21.94211322054972,0 -42.60746903694285,-21.94215291221185,0 -42.60768012734393,-21.94221241807143,0 -42.60790394485445,-21.94223294686804,0 -42.60806780509102,-21.94223460300565,0 -42.60823715385688,-21.94220458154266,0 -42.60851759524,-21.94211304601653,0 -42.60864521411082,-21.94201540613494,0 -42.60882923168305,-21.94185455853539,0 -42.60900023981483,-21.94203461316296,0 -42.60913766955775,-21.94213742548044,0 
						</coordinates>
					</LinearRing>
				</outerBoundaryIs>
			</Polygon>
		</Placemark>
		<Placemark>
			<name>Q - 06</name>
			<styleUrl>#msn_ylw-pushpin232</styleUrl>
			<Polygon>
				<tessellate>1</tessellate>
				<outerBoundaryIs>
					<LinearRing>
						<coordinates>
							-42.60908264619312,-21.94054103529003,0 -42.60938988129357,-21.94051311932341,0 -42.60930200419496,-21.94096736679505,0 -42.60926437423623,-21.94122823489491,0 -42.60930150024613,-21.94137961868079,0 -42.60938647531292,-21.94166302140439,0 -42.60938677473578,-21.94181271388772,0 -42.60933640691425,-21.94193386577423,0 -42.60927407416948,-21.94202837123767,0 -42.60914777818304,-21.94212424881415,0 -42.60909022185332,-21.94208336208882,0 -42.60900678492662,-21.94201344980624,0 -42.60883917260225,-21.9418439584058,0 -42.60899629965422,-21.94153713295319,0 -42.6090019479399,-21.94120263272593,0 -42.60908264619312,-21.94054103529003,0 
						</coordinates>
					</LinearRing>
				</outerBoundaryIs>
			</Polygon>
		</Placemark>
		<Placemark>
			<name>Q - 07</name>
			<styleUrl>#msn_ylw-pushpin2301</styleUrl>
			<Polygon>
				<tessellate>1</tessellate>
				<outerBoundaryIs>
					<LinearRing>
						<coordinates>
							-42.60651068905196,-21.9420137154516,0 -42.60665201746675,-21.94193656417625,0 -42.60678810239413,-21.94190307274732,0 -42.60693039413758,-21.94189383528843,0 -42.607089027576,-21.94188389989908,0 -42.60756403157119,-21.9419179764918,0 -42.60765618761769,-21.94193671184369,0 -42.60776045986503,-21.94193136467006,0 -42.6080096445307,-21.9419383794263,0 -42.60819799802454,-21.94188205499022,0 -42.6082682553621,-21.94185588434068,0 -42.60838120204269,-21.94176589116227,0 -42.60852564929198,-21.94152262398451,0 -42.6087873251204,-21.94182424756999,0 -42.60874285730114,-21.94186409276433,0 -42.60859985591952,-21.94199713817348,0 -42.6085363408657,-21.94204041675873,0 -42.60836065815081,-21.94213123582271,0 -42.60832252682988,-21.94214545941073,0 -42.60808777280748,-21.94218074453157,0 -42.60777417493821,-21.94217824325594,0 -42.60741696018822,-21.94207963411149,0 -42.6071144425621,-21.94202170996275,0 -42.60651068905196,-21.9420137154516,0 
						</coordinates>
					</LinearRing>
				</outerBoundaryIs>
			</Polygon>
		</Placemark>
		<Placemark>
			<name>Q - 08</name>
			<styleUrl>#msn_ylw-pushpin1211</styleUrl>
			<Polygon>
				<tessellate>1</tessellate>
				<outerBoundaryIs>
					<LinearRing>
						<coordinates>
							-42.60791810031051,-21.94110322909631,0 -42.60797909363119,-21.94120000624254,0 -42.60803195816709,-21.94120899928242,0 -42.60850289437038,-21.94146477352602,0 -42.6083994908559,-21.94166083246193,0 -42.60823425747179,-21.94179401531634,0 -42.60806456375667,-21.94186072528246,0 -42.6080442686838,-21.94186232769513,0 -42.60779520659742,-21.94186701078213,0 -42.60745608958448,-21.94173350708596,0 -42.60715511531944,-21.94160612286919,0 -42.60686805316711,-21.94145083245946,0 -42.60665634422603,-21.94127621767965,0 -42.60647598225787,-21.94099724752632,0 -42.60642122794407,-21.94079754310236,0 -42.60671373151386,-21.940519367387,0 -42.60685123771484,-21.9407661792135,0 -42.60705122343915,-21.94096664690818,0 -42.60743473855053,-21.94059729492189,0 -42.60764475753583,-21.94066303544167,0 -42.60791810031051,-21.94110322909631,0 
						</coordinates>
					</LinearRing>
				</outerBoundaryIs>
			</Polygon>
		</Placemark>
		<Placemark>
			<name>Q - 09</name>
			<LookAt>
				<longitude>-42.60818443196843</longitude>
				<latitude>-21.94089213715976</latitude>
				<altitude>0</altitude>
				<heading>30.87214391198729</heading>
				<tilt>46.92797171523002</tilt>
				<range>604.5849723057634</range>
				<gx:altitudeMode>relativeToSeaFloor</gx:altitudeMode>
			</LookAt>
			<styleUrl>#msn_ylw-pushpin311</styleUrl>
			<Polygon>
				<tessellate>1</tessellate>
				<outerBoundaryIs>
					<LinearRing>
						<coordinates>
							-42.60837490801963,-21.94087141567307,0 -42.60844987867309,-21.94118458556174,0 -42.60852173280409,-21.94142904297836,0 -42.60803624025353,-21.94117358420932,0 -42.6077002628387,-21.94064337889884,0 -42.60797878723769,-21.94051860135109,0 -42.60812602363743,-21.94038495085851,0 -42.60816830132099,-21.94027950924883,0 -42.60822923518038,-21.94003680760838,0 -42.60837490801963,-21.94087141567307,0 
						</coordinates>
					</LinearRing>
				</outerBoundaryIs>
			</Polygon>
		</Placemark>
		<Placemark>
			<name>Q - 10</name>
			<styleUrl>#msn_ylw-pushpin2301</styleUrl>
			<Polygon>
				<tessellate>1</tessellate>
				<outerBoundaryIs>
					<LinearRing>
						<coordinates>
							-42.60807848284221,-21.93963372098277,0 -42.60818893229,-21.93992199638464,0 -42.60816321028681,-21.9400107187025,0 -42.60811897204789,-21.94015903029793,0 -42.60806540623567,-21.94031334008732,0 -42.6079865071464,-21.94042737635008,0 -42.60779577280977,-21.94053184809884,0 -42.60764454370442,-21.94058607355764,0 -42.6074631701409,-21.94052572241955,0 -42.60775928642344,-21.94019364017564,0 -42.60766531739311,-21.94003240712684,0 -42.60807848284221,-21.93963372098277,0 
						</coordinates>
					</LinearRing>
				</outerBoundaryIs>
			</Polygon>
		</Placemark>
		<Placemark>
			<name>Q - 11</name>
			<styleUrl>#msn_ylw-pushpin232</styleUrl>
			<Polygon>
				<tessellate>1</tessellate>
				<outerBoundaryIs>
					<LinearRing>
						<coordinates>
							-42.608383959262,-21.93820025725043,0 -42.60844592678896,-21.93816303470542,0 -42.60854206424847,-21.93808002174287,0 -42.60863943454741,-21.9379796862796,0 -42.60870237472604,-21.9379187947578,0 -42.60881478660495,-21.9378121337059,0 -42.60890814829789,-21.93772938031528,0 -42.60893433365657,-21.93777701438946,0 -42.60899406917786,-21.93786667441854,0 -42.60905313972775,-21.9379486160719,0 -42.60911352056628,-21.93801063365664,0 -42.60917010148007,-21.93806123121537,0 -42.60920966417235,-21.93810142098899,0 -42.60925642870301,-21.93817746290635,0 -42.60934564935403,-21.93831355599871,0 -42.60940651058735,-21.93838583299163,0 -42.60949254314,-21.93849523763263,0 -42.60957242245453,-21.93860656783233,0 -42.60965168806239,-21.93875325079363,0 -42.60969783519674,-21.93886032768835,0 -42.60974913210953,-21.93899030506683,0 -42.60980467253187,-21.93918081550321,0 -42.60982352022127,-21.93928129887448,0 -42.60983288629192,-21.93945735581942,0 -42.60983328654735,-21.93946487961795,0 -42.60983360675051,-21.93947089863923,0 -42.60982021911735,-21.93960055871549,0 -42.60977174332817,-21.9396915446683,0 -42.60972617076297,-21.9397954933413,0 -42.60965887837603,-21.9399352390416,0 -42.60963401846771,-21.93997438942203,0 -42.60961559227178,-21.94001380791432,0 -42.60958682919061,-21.94009804015865,0 -42.60939288262595,-21.94048787662548,0 -42.6090233699795,-21.94048555797986,0 -42.60893662942672,-21.94151722654264,0 -42.6088524447219,-21.94173157311682,0 -42.60880480358264,-21.94181114068003,0 -42.60853938549175,-21.94151038106667,0 -42.60857121554415,-21.94143164484355,0 -42.60843816237675,-21.94089631339981,0 -42.60832502563591,-21.94022414408057,0 -42.60827095193616,-21.93996493925245,0 -42.60820998382183,-21.93979407502061,0 -42.60815387813382,-21.93965219283211,0 -42.60806116688467,-21.93948678676225,0 -42.60787717275132,-21.93919168802242,0 -42.60830383704476,-21.93878275493131,0 -42.60766173028937,-21.93782510338656,0 -42.60807214848528,-21.93763268039789,0 -42.608383959262,-21.93820025725043,0 
						</coordinates>
					</LinearRing>
				</outerBoundaryIs>
			</Polygon>
		</Placemark>
		<Placemark>
			<name>Q - 12</name>
			<styleUrl>#msn_ylw-pushpin21001</styleUrl>
			<Polygon>
				<tessellate>1</tessellate>
				<outerBoundaryIs>
					<LinearRing>
						<coordinates>
							-42.60876419523934,-21.93735599100664,0 -42.60885859275563,-21.93770249862106,0 -42.60840697447385,-21.93812784751012,0 -42.60812748588355,-21.93763453305708,0 -42.60876419523934,-21.93735599100664,0 
						</coordinates>
					</LinearRing>
				</outerBoundaryIs>
			</Polygon>
		</Placemark>
	</Folder>
	<Folder id="JARDIMCENTENÁRIO">
		<name>JARDIM CENTENÁRIO</name>
		<Placemark>
			<name>Q - 01</name>
			<styleUrl>#msn_ylw-pushpin6000</styleUrl>
			<Polygon>
				<tessellate>1</tessellate>
				<outerBoundaryIs>
					<LinearRing>
						<coordinates>
							-42.60920585030465,-21.93063231911976,0 -42.60889726081164,-21.93080134959468,0 -42.60866473043023,-21.93039875838336,0 -42.60883185639056,-21.93000940976755,0 -42.60920585030465,-21.93063231911976,0 
						</coordinates>
					</LinearRing>
				</outerBoundaryIs>
			</Polygon>
		</Placemark>
		<Placemark>
			<name>Q - 02</name>
			<styleUrl>#msn_ylw-pushpin6000</styleUrl>
			<Polygon>
				<tessellate>1</tessellate>
				<outerBoundaryIs>
					<LinearRing>
						<coordinates>
							-42.60912514212324,-21.92924105648012,0 -42.60913278847995,-21.92922742849869,0 -42.60931999994027,-21.92880991534157,0 -42.61001028733297,-21.92910110154813,0 -42.60977539997532,-21.92948602672747,0 -42.60912514212324,-21.92924105648012,0 
						</coordinates>
					</LinearRing>
				</outerBoundaryIs>
			</Polygon>
		</Placemark>
		<Placemark>
			<name>Q - 03</name>
			<styleUrl>#msn_ylw-pushpin6000</styleUrl>
			<Polygon>
				<tessellate>1</tessellate>
				<outerBoundaryIs>
					<LinearRing>
						<coordinates>
							-42.61035341413142,-21.92868795215937,0 -42.61005877898972,-21.92906754835317,0 -42.60932336375456,-21.92876548126111,0 -42.60948201689595,-21.92833115251132,0 -42.6094763435688,-21.92831934658125,0 -42.61035341413142,-21.92868795215937,0 
						</coordinates>
					</LinearRing>
				</outerBoundaryIs>
			</Polygon>
		</Placemark>
		<Placemark>
			<name>Q - 04</name>
			<LookAt>
				<longitude>-42.60980977753567</longitude>
				<latitude>-21.92768111128787</latitude>
				<altitude>0</altitude>
				<heading>51.53484594375094</heading>
				<tilt>22.49414572028701</tilt>
				<range>425.5008304612061</range>
				<gx:altitudeMode>relativeToSeaFloor</gx:altitudeMode>
			</LookAt>
			<styleUrl>#msn_ylw-pushpin6000</styleUrl>
			<Polygon>
				<tessellate>1</tessellate>
				<outerBoundaryIs>
					<LinearRing>
						<coordinates>
							-42.60978394958375,-21.92836900666743,0 -42.60977798709629,-21.92835158389505,0 -42.60998570545175,-21.92791849288761,0 -42.61045973260727,-21.92814504665997,0 -42.61091373338378,-21.92706834319572,0 -42.61149157204847,-21.92735964113963,0 -42.61088485648818,-21.92816545373046,0 -42.61061602562647,-21.92846080039919,0 -42.61039494120013,-21.92866861202296,0 -42.60978394958375,-21.92836900666743,0 
						</coordinates>
					</LinearRing>
				</outerBoundaryIs>
			</Polygon>
		</Placemark>
		<Placemark>
			<name>Q - 05</name>
			<styleUrl>#msn_ylw-pushpin6000</styleUrl>
			<Polygon>
				<tessellate>1</tessellate>
				<outerBoundaryIs>
					<LinearRing>
						<coordinates>
							-42.61032851907555,-21.92706006018696,0 -42.61073560326182,-21.92727505807703,0 -42.61044286546895,-21.92805970889653,0 -42.60999951740999,-21.92786945404428,0 -42.61032851907555,-21.92706006018696,0 
						</coordinates>
					</LinearRing>
				</outerBoundaryIs>
			</Polygon>
		</Placemark>
		<Placemark>
			<name>Q - 06</name>
			<styleUrl>#msn_ylw-pushpin6000</styleUrl>
			<Polygon>
				<tessellate>1</tessellate>
				<outerBoundaryIs>
					<LinearRing>
						<coordinates>
							-42.61091800440816,-21.92540264398875,0 -42.61172355310188,-21.92510462222453,0 -42.61143643720945,-21.92559375619325,0 -42.61123766992512,-21.92605726399436,0 -42.61098799393695,-21.92670443198606,0 -42.61076313701464,-21.92721378953505,0 -42.61034208025897,-21.92701157461314,0 -42.61087808060288,-21.92583937218309,0 -42.61094790419391,-21.92561927562784,0 -42.61091800440816,-21.92540264398875,0 
						</coordinates>
					</LinearRing>
				</outerBoundaryIs>
			</Polygon>
		</Placemark>
		<Placemark>
			<name>Q - 07</name>
			<styleUrl>#msn_ylw-pushpin6000</styleUrl>
			<Polygon>
				<tessellate>1</tessellate>
				<outerBoundaryIs>
					<LinearRing>
						<coordinates>
							-42.60903106130671,-21.92918065269825,0 -42.6087509766955,-21.92906309009086,0 -42.60814697210542,-21.92885584830001,0 -42.60800791881952,-21.9287119616264,0 -42.60813472973085,-21.92835112442582,0 -42.60822853771621,-21.92805116701858,0 -42.60833145329777,-21.92777072021137,0 -42.60849042336257,-21.92735888102191,0 -42.6085999758638,-21.92691500149972,0 -42.60875691330435,-21.92645185952168,0 -42.60906607610794,-21.92578931121549,0 -42.60925873513052,-21.92561611006764,0 -42.60992668955243,-21.92586327394397,0 -42.60997834123847,-21.92582292392078,0 -42.61034388989763,-21.92549210463302,0 -42.6107347644833,-21.92518798959974,0 -42.61083302163836,-21.92539576076069,0 -42.61083628303611,-21.92540278924479,0 -42.61088998427207,-21.92560808389925,0 -42.61068993419779,-21.92608654484318,0 -42.61039275213013,-21.92672981978206,0 -42.6097400026644,-21.92835137493004,0 -42.60938960067213,-21.92823932056003,0 -42.60903106130671,-21.92918065269825,0 
						</coordinates>
					</LinearRing>
				</outerBoundaryIs>
			</Polygon>
		</Placemark>
		<Placemark>
			<name>Q - 08</name>
			<styleUrl>#msn_ylw-pushpin6000</styleUrl>
			<Polygon>
				<tessellate>1</tessellate>
				<outerBoundaryIs>
					<LinearRing>
						<coordinates>
							-42.60829842681085,-21.9260403954136,0 -42.608573956391,-21.92553460853292,0 -42.60899095197438,-21.92579887966102,0 -42.60869947124068,-21.92645626418004,0 -42.60846302563091,-21.92718112403275,0 -42.60825504046769,-21.92779503547774,0 -42.60795706802807,-21.92866497969656,0 -42.60744488916742,-21.92833513522923,0 -42.60743726602186,-21.92829543825783,0 -42.60829842681085,-21.9260403954136,0 
						</coordinates>
					</LinearRing>
				</outerBoundaryIs>
			</Polygon>
		</Placemark>
		<Placemark>
			<name>Q - 09</name>
			<styleUrl>#msn_ylw-pushpin6000</styleUrl>
			<Polygon>
				<tessellate>1</tessellate>
				<outerBoundaryIs>
					<LinearRing>
						<coordinates>
							-42.61037449360624,-21.92454523492915,0 -42.61068308735587,-21.92512138214768,0 -42.60992175573135,-21.92580312286358,0 -42.60930839762937,-21.9255766151325,0 -42.61037449360624,-21.92454523492915,0 
						</coordinates>
					</LinearRing>
				</outerBoundaryIs>
			</Polygon>
		</Placemark>
		<Placemark>
			<name>Q - 1/1</name>
			<styleUrl>#msn_ylw-pushpin6000</styleUrl>
			<Polygon>
				<tessellate>1</tessellate>
				<outerBoundaryIs>
					<LinearRing>
						<coordinates>
							-42.60975174074593,-21.92955369116189,0 -42.60949709681906,-21.93047247753529,0 -42.60926602806042,-21.93058090238299,0 -42.60886229378337,-21.92993476619722,0 -42.60910365026739,-21.92928544940068,0 -42.60975174074593,-21.92955369116189,0 
						</coordinates>
					</LinearRing>
				</outerBoundaryIs>
			</Polygon>
		</Placemark>
		<Placemark>
			<name>Q - 10</name>
			<styleUrl>#msn_ylw-pushpin6000</styleUrl>
			<Polygon>
				<tessellate>1</tessellate>
				<outerBoundaryIs>
					<LinearRing>
						<coordinates>
							-42.60901261006474,-21.92508091966043,0 -42.60951399564723,-21.92462399899989,0 -42.6099061827161,-21.92443797316178,0 -42.6102384948617,-21.92437771605316,0 -42.61033484132628,-21.92449071395125,0 -42.60965745738835,-21.92515165954293,0 -42.60903849383075,-21.92575862778666,0 -42.608595202671,-21.92547432731136,0 -42.60901261006474,-21.92508091966043,0 
						</coordinates>
					</LinearRing>
				</outerBoundaryIs>
			</Polygon>
		</Placemark>
		<Placemark>
			<name>Q - 11</name>
			<styleUrl>#msn_ylw-pushpin6000</styleUrl>
			<Polygon>
				<tessellate>1</tessellate>
				<outerBoundaryIs>
					<LinearRing>
						<coordinates>
							-42.61033703494751,-21.9243674874244,0 -42.61132060170512,-21.92388274374636,0 -42.61154502652026,-21.92425821164789,0 -42.61055013168036,-21.92469510699702,0 -42.61033703494751,-21.9243674874244,0 
						</coordinates>
					</LinearRing>
				</outerBoundaryIs>
			</Polygon>
		</Placemark>
		<Placemark>
			<name>Q - 12</name>
			<styleUrl>#msn_ylw-pushpin6000</styleUrl>
			<Polygon>
				<tessellate>1</tessellate>
				<outerBoundaryIs>
					<LinearRing>
						<coordinates>
							-42.61156212061588,-21.9242823369733,0 -42.61173334813951,-21.92466677715712,0 -42.61077616969946,-21.92513001498747,0 -42.6105846688942,-21.92473250902996,0 -42.61156212061588,-21.9242823369733,0 
						</coordinates>
					</LinearRing>
				</outerBoundaryIs>
			</Polygon>
		</Placemark>
		<Placemark>
			<name>Q - 13</name>
			<styleUrl>#msn_ylw-pushpin6000</styleUrl>
			<Polygon>
				<tessellate>1</tessellate>
				<outerBoundaryIs>
					<LinearRing>
						<coordinates>
							-42.61173653238642,-21.92468821650097,0 -42.6118968992883,-21.92499361374455,0 -42.61087284483312,-21.9253497321732,0 -42.61078899487229,-21.92515258775251,0 -42.61173653238642,-21.92468821650097,0 
						</coordinates>
					</LinearRing>
				</outerBoundaryIs>
			</Polygon>
		</Placemark>
		<Placemark>
			<name>Q - 14</name>
			<styleUrl>#msn_ylw-pushpin6000</styleUrl>
			<Polygon>
				<tessellate>1</tessellate>
				<outerBoundaryIs>
					<LinearRing>
						<coordinates>
							-42.61179992296395,-21.92467123503353,0 -42.61222084668562,-21.9244704766967,0 -42.61257971337625,-21.92427935764437,0 -42.61259882594423,-21.92432908254099,0 -42.61251488260225,-21.92452744433743,0 -42.61236004262197,-21.9248070756855,0 -42.61196854032452,-21.92499615634702,0 -42.61179992296395,-21.92467123503353,0 
						</coordinates>
					</LinearRing>
				</outerBoundaryIs>
			</Polygon>
		</Placemark>
		<Placemark>
			<name>Q - 15</name>
			<styleUrl>#msn_ylw-pushpin6000</styleUrl>
			<Polygon>
				<tessellate>1</tessellate>
				<outerBoundaryIs>
					<LinearRing>
						<coordinates>
							-42.61236923577463,-21.92393288517567,0 -42.61244930181537,-21.9239007979341,0 -42.61259891014279,-21.9242073750718,0 -42.61179158127014,-21.92462937204909,0 -42.61161244770715,-21.92425385112545,0 -42.61236923577463,-21.92393288517567,0 
						</coordinates>
					</LinearRing>
				</outerBoundaryIs>
			</Polygon>
		</Placemark>
		<Placemark>
			<name>Q - 16</name>
			<styleUrl>#msn_ylw-pushpin6000</styleUrl>
			<Polygon>
				<tessellate>1</tessellate>
				<outerBoundaryIs>
					<LinearRing>
						<coordinates>
							-42.6113902992486,-21.92385019654736,0 -42.61184385932748,-21.92368278508328,0 -42.61214342916033,-21.92369393053322,0 -42.6123573161337,-21.92378693162372,0 -42.61241285998753,-21.92385259493658,0 -42.61160459406318,-21.92421425367547,0 -42.6113902992486,-21.92385019654736,0 
						</coordinates>
					</LinearRing>
				</outerBoundaryIs>
			</Polygon>
		</Placemark>
		<Placemark>
			<name>Q - 17</name>
			<styleUrl>#msn_ylw-pushpin6000</styleUrl>
			<Polygon>
				<tessellate>1</tessellate>
				<outerBoundaryIs>
					<LinearRing>
						<coordinates>
							-42.60890611712406,-21.93086724300144,0 -42.60952847261218,-21.9305332837945,0 -42.60968240432918,-21.93009291919791,0 -42.60981304587251,-21.92953213188469,0 -42.61004881390819,-21.92917789571723,0 -42.61040476197815,-21.92873467447678,0 -42.61075684540149,-21.92837850037684,0 -42.61078635025825,-21.92833658312775,0 -42.61111421475381,-21.92794815680918,0 -42.61114661279903,-21.92789545370587,0 -42.61154267453716,-21.92737413176753,0 -42.6116688938755,-21.92700692486442,0 -42.61168545475314,-21.9265757718233,0 -42.6116888957464,-21.92655449333154,0 -42.61182107341656,-21.92596838065633,0 -42.61197990470305,-21.92558651368492,0 -42.61211359698159,-21.92532589607743,0 -42.61216232329882,-21.92524588418592,0 -42.61220226345267,-21.92515165092806,0 -42.6123650513046,-21.92494099959134,0 -42.61265172417024,-21.92438365328694,0 -42.61270196542522,-21.92427456569646,0 -42.61265522642113,-21.9240782226338,0 -42.6124953805143,-21.92382460047089,0 -42.61219201123854,-21.92364917985645,0 -42.61187900592602,-21.92363526167265,0 -42.61151752424649,-21.92376058582512,0 -42.61116455523143,-21.92390737890937,0 -42.61077380844355,-21.92409776728504,0 -42.61059675255142,-21.92417435016048,0 -42.61052320371511,-21.92421307421276,0 -42.6102803965602,-21.92430508444714,0 -42.60989128465411,-21.92435262228335,0 -42.60943259405399,-21.92460201468231,0 -42.60912540995267,-21.92490532402151,0 -42.60888462748882,-21.92509017272762,0 -42.60855630236374,-21.92541486981087,0 -42.60826735993534,-21.92592487460922,0 -42.60806440684566,-21.9264487860013,0 -42.60781922313051,-21.92708865534939,0 -42.60762793466971,-21.92761351522508,0 -42.60733090382953,-21.92836309126736,0 -42.6075020208743,-21.92847841812481,0 -42.60793102950643,-21.92876440669846,0 -42.60793737324576,-21.92876472788816,0 -42.60814301682711,-21.9289300210324,0 -42.60796206279053,-21.92909238272532,0 -42.60793193024625,-21.92907467466871,0 -42.60768762825104,-21.92922833422409,0 -42.60765750905107,-21.92921288779993,0 -42.60737076756051,-21.92892068957829,0 -42.60722556740868,-21.92877590203841,0 -42.60705552163639,-21.92877507766114,0 -42.60678534191201,-21.92886217286115,0 -42.60636986908999,-21.92898773332375,0 -42.60620316279032,-21.92903960734827,0 -42.60610383693042,-21.92905989356051,0 -42.60595603799182,-21.92891104073612,0 -42.60546860336999,-21.92847974819874,0 -42.60498335696781,-21.92805810451134,0 -42.60435951781492,-21.92757282766465,0 -42.60439010506519,-21.92749180693497,0 -42.60499332809763,-21.92758886519271,0 -42.60550746384069,-21.92756953093441,0 -42.60576154020221,-21.92758744084071,0 -42.60594368438311,-21.92764236318883,0 -42.60605639537957,-21.92777672900428,0 -42.60616781978703,-21.92799271139988,0 -42.60627972422652,-21.92809407384941,0 -42.60647363766196,-21.9281981804441,0 -42.60672410897662,-21.92821639004883,0 -42.60704765276247,-21.92799579419869,0 -42.60718102098782,-21.92766250506162,0 -42.6071768071033,-21.92729492616478,0 -42.60719845733885,-21.9270307303993,0 -42.60700299850845,-21.92652915899871,0 -42.60686856217506,-21.92582638232338,0 -42.60692251538733,-21.92531017132041,0 -42.60721954489077,-21.92487175055759,0 -42.60747630708613,-21.92449640785644,0 -42.60769332087138,-21.92431944478831,0 -42.6080232075328,-21.924178415577,0 -42.60826282647685,-21.92391648968338,0 -42.60835197224333,-21.92373438604695,0 -42.60893511671383,-21.9224445062573,0 -42.60909342849006,-21.92210946276798,0 -42.60943428771752,-21.92198488177651,0 -42.60986736388438,-21.92187281653777,0 -42.6099119979927,-21.92187574879934,0 -42.61021780518342,-21.92173628710172,0 -42.61018735739678,-21.92143178576424,0 -42.61015013135223,-21.92120141081256,0 -42.61023595676679,-21.92102170267115,0 -42.61053532134944,-21.92081749321367,0 -42.61061097445462,-21.92064623393626,0 -42.61061456011081,-21.92046118688296,0 -42.61080525499077,-21.92019835253106,0 -42.61105721880075,-21.9201703205693,0 -42.61134993421826,-21.92028913421457,0 -42.61162540183473,-21.92033979032909,0 -42.61192293026676,-21.92032922589739,0 -42.61247680930353,-21.920321371765,0 -42.61352032631572,-21.92029317151845,0 -42.61379260673846,-21.92025266703518,0 -42.6141184086101,-21.920056681216,0 -42.61422481131169,-21.91998865105329,0 -42.61437537410607,-21.91987094948153,0 -42.61464997982046,-21.91972859592013,0 -42.61492138154211,-21.91978729065934,0 -42.61506341653523,-21.9199395982363,0 -42.61531197151908,-21.92023781534907,0 -42.61540736230966,-21.9206852340342,0 -42.61531214694822,-21.92179023157642,0 -42.61527855302706,-21.92252762427723,0 -42.61503070287158,-21.92287321984749,0 -42.61467474072505,-21.92332395080762,0 -42.61472271545855,-21.92360042017543,0 -42.61485983187346,-21.92416688584947,0 -42.61469425458505,-21.92506976811416,0 -42.6146126894173,-21.92623897293399,0 -42.61398281911861,-21.92717821319896,0 -42.61318458103464,-21.92855557294842,0 -42.61262907822865,-21.92960737663455,0 -42.61213050443989,-21.93046921688098,0 -42.61128586013229,-21.93170203431528,0 -42.60984261110367,-21.93245617305408,0 -42.60890611712406,-21.93086724300144,0 
						</coordinates>
					</LinearRing>
				</outerBoundaryIs>
			</Polygon>
		</Placemark>
		<Placemark>
			<name>Q - 17/1</name>
			<LookAt>
				<longitude>-42.60740633079025</longitude>
				<latitude>-21.92904453919041</latitude>
				<altitude>0</altitude>
				<heading>2.685267888728809</heading>
				<tilt>30.00065217897381</tilt>
				<range>131.6059544865182</range>
				<gx:altitudeMode>relativeToSeaFloor</gx:altitudeMode>
			</LookAt>
			<styleUrl>#msn_ylw-pushpin6000</styleUrl>
			<Polygon>
				<tessellate>1</tessellate>
				<outerBoundaryIs>
					<LinearRing>
						<coordinates>
							-42.60794750488793,-21.92913273297076,0 -42.60798732454313,-21.92915725420785,0 -42.60820791261203,-21.92895876416969,0 -42.60898913270023,-21.92925643847452,0 -42.60859132276525,-21.93024332354681,0 -42.60825645273709,-21.92966688956055,0 -42.6074258965258,-21.93025861535992,0 -42.60727977626804,-21.93037459108746,0 -42.60725633130306,-21.93038949404245,0 -42.60708203472547,-21.9304910736331,0 -42.60687191814193,-21.93013584820113,0 -42.60628368427663,-21.92966616579981,0 -42.6059180862681,-21.92938939789642,0 -42.60610339712997,-21.92916346544748,0 -42.60712820115445,-21.92887284758935,0 -42.60766705307534,-21.92932732961273,0 -42.60794750488793,-21.92913273297076,0 
						</coordinates>
					</LinearRing>
				</outerBoundaryIs>
			</Polygon>
		</Placemark>
		<Placemark>
			<name>Q - 18</name>
			<LookAt>
				<longitude>-42.60576451705222</longitude>
				<latitude>-21.9258890196716</latitude>
				<altitude>0</altitude>
				<heading>77.04274073706351</heading>
				<tilt>14.17916420166138</tilt>
				<range>975.0280095443309</range>
				<gx:altitudeMode>relativeToSeaFloor</gx:altitudeMode>
			</LookAt>
			<styleUrl>#msn_ylw-pushpin6000</styleUrl>
			<Polygon>
				<tessellate>1</tessellate>
				<outerBoundaryIs>
					<LinearRing>
						<coordinates>
							-42.60438439590455,-21.92767773882346,0 -42.60473714350422,-21.92794544288065,0 -42.60543150788584,-21.92854237638749,0 -42.60604280628068,-21.92910209235849,0 -42.60584027099095,-21.92938825648566,0 -42.60546882925564,-21.92911063196784,0 -42.60513928673814,-21.92871953870627,0 -42.60462107400964,-21.92812574891495,0 -42.60458671486671,-21.92809351494336,0 -42.60437411788349,-21.92780227195519,0 -42.60430115543218,-21.92768739714377,0 -42.60438439590455,-21.92767773882346,0 
						</coordinates>
					</LinearRing>
				</outerBoundaryIs>
			</Polygon>
		</Placemark>
		<Placemark>
			<name>Q - 19</name>
			<styleUrl>#msn_ylw-pushpin6000</styleUrl>
			<Polygon>
				<tessellate>1</tessellate>
				<outerBoundaryIs>
					<LinearRing>
						<coordinates>
							-42.60475173192856,-21.92837809480021,0 -42.60538059461702,-21.92910961295328,0 -42.60509084235881,-21.92933846459854,0 -42.60445215054192,-21.92858914065654,0 -42.60475173192856,-21.92837809480021,0 
						</coordinates>
					</LinearRing>
				</outerBoundaryIs>
			</Polygon>
		</Placemark>
		<Placemark>
			<name>Q - 6/1</name>
			<styleUrl>#msn_ylw-pushpin6000</styleUrl>
			<Polygon>
				<tessellate>1</tessellate>
				<outerBoundaryIs>
					<LinearRing>
						<coordinates>
							-42.61178212747534,-21.92511417704599,0 -42.61184339604132,-21.92508734595548,0 -42.61230233574698,-21.92490032701561,0 -42.61201533417098,-21.92534866640378,0 -42.61176747747481,-21.9259467700049,0 -42.61164356191271,-21.9265382249821,0 -42.61162673650497,-21.92699769763881,0 -42.61152446072217,-21.92730240034927,0 -42.6109385300832,-21.92702784833681,0 -42.61116108168089,-21.92645911178501,0 -42.61139076678077,-21.9258388566084,0 -42.61162287666343,-21.9253734098446,0 -42.61178212747534,-21.92511417704599,0 
						</coordinates>
					</LinearRing>
				</outerBoundaryIs>
			</Polygon>
		</Placemark>
	</Folder>
	<Folder id="CENTRO">
		<name>CENTRO</name>
		<Placemark>
			<name>Q - 01</name>
			<styleUrl>#msn_ylw-pushpin620</styleUrl>
			<Polygon>
				<tessellate>1</tessellate>
				<outerBoundaryIs>
					<LinearRing>
						<coordinates>
							-42.61052639436674,-21.93466898431592,0 -42.61086069070388,-21.93528443272245,0 -42.6107210091013,-21.93573293140279,0 -42.61063622343909,-21.93620858562078,0 -42.61086786871891,-21.93656456777854,0 -42.61090659926698,-21.93672655481014,0 -42.61083965041529,-21.93687186128703,0 -42.61035721734013,-21.93699448773208,0 -42.60995508889947,-21.93708551124152,0 -42.60994682157932,-21.93709341454115,0 -42.6096076483653,-21.93707738107808,0 -42.60959303118427,-21.93707136120264,0 -42.60946124575757,-21.93693685518598,0 -42.60927000851395,-21.93667082949524,0 -42.60923271443787,-21.93661428065754,0 -42.60907270394816,-21.93639090996612,0 -42.6090263902843,-21.93606837188872,0 -42.60903227360478,-21.93562657561354,0 -42.60938220911101,-21.93550940854782,0 -42.60930544578456,-21.93522931880512,0 -42.61052639436674,-21.93466898431592,0 
						</coordinates>
					</LinearRing>
				</outerBoundaryIs>
			</Polygon>
		</Placemark>
		<Placemark>
			<name>Q - 02</name>
			<styleUrl>#msn_ylw-pushpin620</styleUrl>
			<Polygon>
				<tessellate>1</tessellate>
				<outerBoundaryIs>
					<LinearRing>
						<coordinates>
							-42.61047341507909,-21.93457931727221,0 -42.60976537312234,-21.93489509286619,0 -42.60937285252889,-21.93414903537113,0 -42.61006165135181,-21.93383147870284,0 -42.61047341507909,-21.93457931727221,0 
						</coordinates>
					</LinearRing>
				</outerBoundaryIs>
			</Polygon>
		</Placemark>
		<Placemark>
			<name>Q - 03</name>
			<styleUrl>#msn_ylw-pushpin620</styleUrl>
			<Polygon>
				<tessellate>1</tessellate>
				<outerBoundaryIs>
					<LinearRing>
						<coordinates>
							-42.60970669975296,-21.93493703590439,0 -42.60926267524871,-21.93512214126611,0 -42.60912316864793,-21.934729956461,0 -42.60898856382442,-21.93441257159756,0 -42.6090258132069,-21.93439248257795,0 -42.60889588973269,-21.93415666197622,0 -42.60922843783544,-21.93400297722113,0 -42.60932604129535,-21.93420013100978,0 -42.60970669975296,-21.93493703590439,0 
						</coordinates>
					</LinearRing>
				</outerBoundaryIs>
			</Polygon>
		</Placemark>
		<Placemark>
			<name>Q - 04</name>
			<styleUrl>#msn_ylw-pushpin620</styleUrl>
			<Polygon>
				<tessellate>1</tessellate>
				<outerBoundaryIs>
					<LinearRing>
						<coordinates>
							-42.60919559034486,-21.93521906315974,0 -42.60924936913897,-21.93543741475491,0 -42.60897452994895,-21.93555194818292,0 -42.60894842446609,-21.93606619001227,0 -42.609007670947,-21.93643363289598,0 -42.60940211974062,-21.93697256371765,0 -42.60882484117586,-21.93718289141026,0 -42.60881688438821,-21.93450643970618,0 -42.60891417906968,-21.9344561723766,0 -42.60919559034486,-21.93521906315974,0 
						</coordinates>
					</LinearRing>
				</outerBoundaryIs>
			</Polygon>
		</Placemark>
		<Placemark>
			<name>Q - 05</name>
			<styleUrl>#msn_ylw-pushpin620</styleUrl>
			<Polygon>
				<tessellate>1</tessellate>
				<outerBoundaryIs>
					<LinearRing>
						<coordinates>
							-42.60796586079139,-21.93488729026992,0 -42.60874601976186,-21.93450283276253,0 -42.60876266735079,-21.93701631196251,0 -42.60872677598187,-21.93702390589013,0 -42.60843485405079,-21.93606106471564,0 -42.60838200161266,-21.93581192693712,0 -42.60796586079139,-21.93488729026992,0 
						</coordinates>
					</LinearRing>
				</outerBoundaryIs>
			</Polygon>
		</Placemark>
		<Placemark>
			<name>Q - 06</name>
			<styleUrl>#msn_ylw-pushpin620</styleUrl>
			<Polygon>
				<tessellate>1</tessellate>
				<outerBoundaryIs>
					<LinearRing>
						<coordinates>
							-42.61077146522111,-21.93694860265868,0 -42.61082792055188,-21.93706852162635,0 -42.61036253059365,-21.9372940056643,0 -42.61022769034257,-21.93735084902977,0 -42.60986163269883,-21.93747521152881,0 -42.60955293667935,-21.93757763787464,0 -42.60923378962387,-21.93766273560452,0 -42.6090178197498,-21.93767195316025,0 -42.60884275457364,-21.93747274115,0 -42.60881778737957,-21.9372535013655,0 -42.60945243649982,-21.93703171501558,0 -42.609628087373,-21.93715808000752,0 -42.60992360554446,-21.93716802738054,0 -42.61077146522111,-21.93694860265868,0 
						</coordinates>
					</LinearRing>
				</outerBoundaryIs>
			</Polygon>
		</Placemark>
		<Placemark>
			<name>Q - 07</name>
			<styleUrl>#msn_ylw-pushpin620</styleUrl>
			<Polygon>
				<tessellate>1</tessellate>
				<outerBoundaryIs>
					<LinearRing>
						<coordinates>
							-42.60838533284473,-21.93611994477504,0 -42.60870996658888,-21.93727700293413,0 -42.60812228718613,-21.93751579273974,0 -42.60758294250473,-21.93655982583638,0 -42.60838533284473,-21.93611994477504,0 
						</coordinates>
					</LinearRing>
				</outerBoundaryIs>
			</Polygon>
		</Placemark>
		<Placemark>
			<name>Q - 08</name>
			<LookAt>
				<longitude>-42.60720964076437</longitude>
				<latitude>-21.93500250885065</latitude>
				<altitude>0</altitude>
				<heading>-17.29337487921519</heading>
				<tilt>28.69082311347201</tilt>
				<range>218.6763527720871</range>
				<gx:altitudeMode>relativeToSeaFloor</gx:altitudeMode>
			</LookAt>
			<styleUrl>#msn_ylw-pushpin620</styleUrl>
			<Polygon>
				<tessellate>1</tessellate>
				<outerBoundaryIs>
					<LinearRing>
						<coordinates>
							-42.60788853568635,-21.93492811041577,0 -42.60833156725198,-21.93587797855402,0 -42.60834312814157,-21.93608542823237,0 -42.6075411195717,-21.93649997548422,0 -42.60696933514018,-21.93542361750261,0 -42.60788853568635,-21.93492811041577,0 
						</coordinates>
					</LinearRing>
				</outerBoundaryIs>
			</Polygon>
		</Placemark>
		<Placemark>
			<name>Q - 09</name>
			<styleUrl>#msn_ylw-pushpin620</styleUrl>
			<Polygon>
				<tessellate>1</tessellate>
				<outerBoundaryIs>
					<LinearRing>
						<coordinates>
							-42.60724032337973,-21.93384979478582,0 -42.60786052676179,-21.93486401337418,0 -42.60693262261609,-21.93535954455852,0 -42.60639092006225,-21.93429813059525,0 -42.60724032337973,-21.93384979478582,0 
						</coordinates>
					</LinearRing>
				</outerBoundaryIs>
			</Polygon>
		</Placemark>
		<Placemark>
			<name>Q - 10</name>
			<styleUrl>#msn_ylw-pushpin620</styleUrl>
			<Polygon>
				<tessellate>1</tessellate>
				<outerBoundaryIs>
					<LinearRing>
						<coordinates>
							-42.60874922246078,-21.93442379941571,0 -42.60791612789019,-21.93483171313573,0 -42.6073195885457,-21.93379903905329,0 -42.60813658362937,-21.93340789102337,0 -42.60874922246078,-21.93442379941571,0 
						</coordinates>
					</LinearRing>
				</outerBoundaryIs>
			</Polygon>
		</Placemark>
		<Placemark>
			<name>Q - 11</name>
			<styleUrl>#msn_ylw-pushpin620</styleUrl>
			<Polygon>
				<tessellate>1</tessellate>
				<outerBoundaryIs>
					<LinearRing>
						<coordinates>
							-42.60892321353451,-21.93301172026346,0 -42.60938668428424,-21.93383931409966,0 -42.60868487816612,-21.93419580227994,0 -42.60817836508816,-21.93337833118494,0 -42.60892321353451,-21.93301172026346,0 
						</coordinates>
					</LinearRing>
				</outerBoundaryIs>
			</Polygon>
		</Placemark>
		<Placemark>
			<name>Q - 12</name>
			<styleUrl>#msn_ylw-pushpin620</styleUrl>
			<Polygon>
				<tessellate>1</tessellate>
				<outerBoundaryIs>
					<LinearRing>
						<coordinates>
							-42.6097767261797,-21.93254872242449,0 -42.61037940419441,-21.93352751936401,0 -42.60953570021826,-21.93395356993014,0 -42.60897376283557,-21.93299484253922,0 -42.6097767261797,-21.93254872242449,0 
						</coordinates>
					</LinearRing>
				</outerBoundaryIs>
			</Polygon>
		</Placemark>
		<Placemark>
			<name>Q - 13</name>
			<styleUrl>#msn_ylw-pushpin620</styleUrl>
			<Polygon>
				<tessellate>1</tessellate>
				<outerBoundaryIs>
					<LinearRing>
						<coordinates>
							-42.61137908953335,-21.93305479878844,0 -42.6104548531587,-21.93350884609376,0 -42.61013682809517,-21.9329317332454,0 -42.61043060751607,-21.93274836244273,0 -42.61020113914234,-21.93236566209841,0 -42.61078291860353,-21.93205042018925,0 -42.61137908953335,-21.93305479878844,0 
						</coordinates>
					</LinearRing>
				</outerBoundaryIs>
			</Polygon>
		</Placemark>
		<Placemark>
			<name>Q - 14</name>
			<styleUrl>#msn_ylw-pushpin620</styleUrl>
			<Polygon>
				<tessellate>1</tessellate>
				<outerBoundaryIs>
					<LinearRing>
						<coordinates>
							-42.61011464962539,-21.93286749656992,0 -42.60998712324031,-21.93263801422036,0 -42.61021264418216,-21.93252219702919,0 -42.61034963211065,-21.93273853846092,0 -42.61011464962539,-21.93286749656992,0 
						</coordinates>
					</LinearRing>
				</outerBoundaryIs>
			</Polygon>
		</Placemark>
		<Placemark>
			<name>Q - 15</name>
			<styleUrl>#msn_ylw-pushpin620</styleUrl>
			<Polygon>
				<tessellate>1</tessellate>
				<outerBoundaryIs>
					<LinearRing>
						<coordinates>
							-42.6101254277248,-21.93238166854763,0 -42.61019798656503,-21.93250408727993,0 -42.60998333079587,-21.93261655465063,0 -42.6099136153983,-21.93249110287275,0 -42.6101254277248,-21.93238166854763,0 
						</coordinates>
					</LinearRing>
				</outerBoundaryIs>
			</Polygon>
		</Placemark>
		<Placemark>
			<name>Q - 16</name>
			<styleUrl>#msn_ylw-pushpin620</styleUrl>
			<Polygon>
				<tessellate>1</tessellate>
				<outerBoundaryIs>
					<LinearRing>
						<coordinates>
							-42.60930481594487,-21.93170115792147,0 -42.60976146995171,-21.93248933527585,0 -42.6085685656244,-21.93310097303246,0 -42.60810619113436,-21.93233510414489,0 -42.60930481594487,-21.93170115792147,0 
						</coordinates>
					</LinearRing>
				</outerBoundaryIs>
			</Polygon>
		</Placemark>
		<Placemark>
			<name>Q - 17</name>
			<styleUrl>#msn_ylw-pushpin620</styleUrl>
			<Polygon>
				<tessellate>1</tessellate>
				<outerBoundaryIs>
					<LinearRing>
						<coordinates>
							-42.60849597165235,-21.93313805429208,0 -42.60730283520942,-21.93373952908923,0 -42.60684154921366,-21.93297016469853,0 -42.60804641949259,-21.93237208093282,0 -42.60849597165235,-21.93313805429208,0 
						</coordinates>
					</LinearRing>
				</outerBoundaryIs>
			</Polygon>
		</Placemark>
		<Placemark>
			<name>Q - 18</name>
			<styleUrl>#msn_ylw-pushpin620</styleUrl>
			<Polygon>
				<tessellate>1</tessellate>
				<outerBoundaryIs>
					<LinearRing>
						<coordinates>
							-42.60675462301791,-21.93301798372061,0 -42.60720960005955,-21.93379542034386,0 -42.60635403906469,-21.93424779655523,0 -42.60591027804058,-21.93347280866262,0 -42.60675462301791,-21.93301798372061,0 
						</coordinates>
					</LinearRing>
				</outerBoundaryIs>
			</Polygon>
		</Placemark>
		<Placemark>
			<name>Q - 19</name>
			<styleUrl>#msn_ylw-pushpin620</styleUrl>
			<Polygon>
				<tessellate>1</tessellate>
				<outerBoundaryIs>
					<LinearRing>
						<coordinates>
							-42.60673451187044,-21.93296042663264,0 -42.60584560873134,-21.93342469267386,0 -42.60541720492227,-21.932672178832,0 -42.60629610005195,-21.93220602040052,0 -42.60673451187044,-21.93296042663264,0 
						</coordinates>
					</LinearRing>
				</outerBoundaryIs>
			</Polygon>
		</Placemark>
		<Placemark>
			<name>Q - 20</name>
			<styleUrl>#msn_ylw-pushpin620</styleUrl>
			<Polygon>
				<tessellate>1</tessellate>
				<outerBoundaryIs>
					<LinearRing>
						<coordinates>
							-42.60801058025081,-21.93230770010129,0 -42.60680576542072,-21.93292542880931,0 -42.60636853477262,-21.93217139084937,0 -42.60757263032998,-21.93154242414953,0 -42.60801058025081,-21.93230770010129,0 
						</coordinates>
					</LinearRing>
				</outerBoundaryIs>
			</Polygon>
		</Placemark>
		<Placemark>
			<name>Q - 21</name>
			<styleUrl>#msn_ylw-pushpin620</styleUrl>
			<Polygon>
				<tessellate>1</tessellate>
				<outerBoundaryIs>
					<LinearRing>
						<coordinates>
							-42.60764231357048,-21.93149275454683,0 -42.60883338403546,-21.93090947647832,0 -42.60926022734424,-21.93165539762079,0 -42.60808045857229,-21.93228194056048,0 -42.60764231357048,-21.93149275454683,0 
						</coordinates>
					</LinearRing>
				</outerBoundaryIs>
			</Polygon>
		</Placemark>
		<Placemark>
			<name>Q - 22</name>
			<styleUrl>#msn_ylw-pushpin620</styleUrl>
			<Polygon>
				<tessellate>1</tessellate>
				<outerBoundaryIs>
					<LinearRing>
						<coordinates>
							-42.608195998432,-21.92981724949548,0 -42.60876909213051,-21.93082261993218,0 -42.60760267771751,-21.93140629017108,0 -42.6071222206557,-21.93056949081262,0 -42.608195998432,-21.92981724949548,0 
						</coordinates>
					</LinearRing>
				</outerBoundaryIs>
			</Polygon>
		</Placemark>
		<Placemark>
			<name>Q - 23</name>
			<styleUrl>#msn_ylw-pushpin620</styleUrl>
			<Polygon>
				<tessellate>1</tessellate>
				<outerBoundaryIs>
					<LinearRing>
						<coordinates>
							-42.59987758069462,-21.93696173207904,0 -42.59955193183288,-21.93683167252404,0 -42.60068823601738,-21.93590075573723,0 -42.60184732172369,-21.93542329159262,0 -42.60239641540673,-21.93489695336141,0 -42.60286503241196,-21.93402111857091,0 -42.60386635657372,-21.93141528377437,0 -42.60375493696236,-21.93102214357429,0 -42.60316445088533,-21.93055734998695,0 -42.60180624564353,-21.9302256693808,0 -42.60122573264763,-21.93017298476103,0 -42.60101347994036,-21.93040692696413,0 -42.60123217963588,-21.93079133174742,0 -42.60119618637599,-21.93130085152158,0 -42.60105070753835,-21.93141266765996,0 -42.60067522908202,-21.93162014583542,0 -42.6004154969612,-21.93149893952011,0 -42.60030748749011,-21.93040328861521,0 -42.60098618800369,-21.92984603588137,0 -42.60262033892981,-21.92956853187327,0 -42.6035717275938,-21.92940565284865,0 -42.60382428365561,-21.92879043162003,0 -42.60369393762478,-21.92807684435422,0 -42.603642591248,-21.92798096501319,0 -42.60293236142793,-21.9275743941031,0 -42.60260601413039,-21.92743210253542,0 -42.60214689213792,-21.92729917951812,0 -42.60176396652908,-21.92717016170841,0 -42.60114424996758,-21.92698907045383,0 -42.60086644702548,-21.92692638904829,0 -42.59997031060158,-21.92691859494651,0 -42.59949223219994,-21.92661677674996,0 -42.59929312873659,-21.92560574908959,0 -42.59979206727621,-21.92468603364112,0 -42.60052351864179,-21.92447500489035,0 -42.60156207904674,-21.92473332965141,0 -42.60247592411439,-21.92528565199906,0 -42.60327557610967,-21.92602535316469,0 -42.60463728566184,-21.92621765894233,0 -42.6057894164414,-21.92564872239182,0 -42.6062283113565,-21.92465322938058,0 -42.60625150193344,-21.9240329142203,0 -42.60608147289439,-21.92319371215611,0 -42.60646001410762,-21.9219027458789,0 -42.60696870296426,-21.92202101624937,0 -42.60703815134384,-21.92229574209226,0 -42.60744509754831,-21.9223015897654,0 -42.60780572473156,-21.92217639722666,0 -42.60798201921469,-21.92207901077119,0 -42.60852564241995,-21.92160565054361,0 -42.60891780498822,-21.92108169781944,0 -42.60997559383713,-21.92163475640667,0 -42.60898478002203,-21.9220238179742,0 -42.60844367637057,-21.92323397660884,0 -42.60830799757834,-21.92363751650787,0 -42.60815892271675,-21.92392589401299,0 -42.60793495442615,-21.92412033099952,0 -42.607604928996,-21.92430025468279,0 -42.6074096859771,-21.92443370504198,0 -42.6072798948389,-21.92459917084483,0 -42.6070747259933,-21.92493125410572,0 -42.60691913473932,-21.92513769829415,0 -42.60681191516139,-21.92534816933952,0 -42.60677963790729,-21.92567392047798,0 -42.60680371880127,-21.92591678806182,0 -42.60687422385573,-21.92643943957487,0 -42.60704905498484,-21.92703928040087,0 -42.60706861778888,-21.92724922922523,0 -42.60709676695834,-21.92752692872098,0 -42.60701808755375,-21.9278423780332,0 -42.60683935814637,-21.9280466528902,0 -42.60659600153481,-21.9281115961227,0 -42.60645179035896,-21.92805522197129,0 -42.60625073789503,-21.92791429839865,0 -42.60595654174941,-21.92746587049484,0 -42.60555952482807,-21.92746012862941,0 -42.60496481405609,-21.92749761684474,0 -42.60446459888825,-21.92742438057668,0 -42.60429260168149,-21.92740175391431,0 -42.60421547918244,-21.92749980615847,0 -42.60416260211932,-21.92763405500818,0 -42.60427272136386,-21.92776834143602,0 -42.60471275944924,-21.92831725603406,0 -42.60433746201576,-21.92858094207059,0 -42.60507504191722,-21.92944493494702,0 -42.60542026106722,-21.92915264815541,0 -42.60679601645745,-21.93014527774507,0 -42.60754007226648,-21.9314574800346,0 -42.60635080153872,-21.93205677385377,0 -42.60621658393868,-21.93220136963902,0 -42.60516381887063,-21.93271321485879,0 -42.60478782753488,-21.93288785405269,0 -42.60450175568849,-21.93313125946027,0 -42.60430292811437,-21.93336584405988,0 -42.60370108402091,-21.93405759307596,0 -42.60354272226808,-21.93444218914446,0 -42.60345401656129,-21.93490460804136,0 -42.60334883151462,-21.93520643291007,0 -42.60314388487949,-21.93544637534932,0 -42.60304659926613,-21.93555699355456,0 -42.6029537809173,-21.93564552355168,0 -42.6024493468733,-21.93599992476401,0 -42.60230356399168,-21.93609737757118,0 -42.60191122672489,-21.93628976557957,0 -42.60152473518207,-21.93634684990707,0 -42.60100251603105,-21.9363829176914,0 -42.60058473782842,-21.93648641188597,0 -42.60037925980002,-21.93658766667026,0 -42.59987758069462,-21.93696173207904,0 
						</coordinates>
					</LinearRing>
				</outerBoundaryIs>
			</Polygon>
		</Placemark>
	</Folder>
	<Folder id="CAIXADAGUA">
		<name>CAIXA D&apos;AGUA</name>
		<Placemark>
			<name>Q - 01</name>
			<styleUrl>#msn_ylw-pushpin242</styleUrl>
			<Polygon>
				<tessellate>1</tessellate>
				<outerBoundaryIs>
					<LinearRing>
						<coordinates>
							-42.60631072362635,-21.94043980202768,0 -42.60655629633747,-21.94017705095614,0 -42.60668955328162,-21.94048253220998,0 -42.60640564212941,-21.94075077940871,0 -42.60631072362635,-21.94043980202768,0 
						</coordinates>
					</LinearRing>
				</outerBoundaryIs>
			</Polygon>
		</Placemark>
		<Placemark>
			<name>Q - 02</name>
			<styleUrl>#msn_ylw-pushpin242</styleUrl>
			<Polygon>
				<tessellate>1</tessellate>
				<outerBoundaryIs>
					<LinearRing>
						<coordinates>
							-42.60669035043825,-21.93996518106246,0 -42.60667181423725,-21.93999244595447,0 -42.60628829112872,-21.94040346313803,0 -42.60611967930403,-21.93992692210519,0 -42.60611030741272,-21.93990648032037,0 -42.60606345994454,-21.93968600547264,0 -42.60605558670814,-21.93965382463131,0 -42.60609332862832,-21.93945155356317,0 -42.60612442576888,-21.93941381022548,0 -42.60625207655453,-21.93943021437965,0 -42.60632305645578,-21.9394846193928,0 -42.60669035043825,-21.93996518106246,0 
						</coordinates>
					</LinearRing>
				</outerBoundaryIs>
			</Polygon>
		</Placemark>
		<Placemark>
			<name>Q - 03</name>
			<styleUrl>#msn_ylw-pushpin242</styleUrl>
			<Polygon>
				<tessellate>1</tessellate>
				<outerBoundaryIs>
					<LinearRing>
						<coordinates>
							-42.60700398071121,-21.93964582300778,0 -42.60672632000085,-21.93994061695884,0 -42.60650080909598,-21.93962694097707,0 -42.6063342829516,-21.93942150686786,0 -42.60623212647951,-21.93937085701409,0 -42.60617222262082,-21.93936533650908,0 -42.60611955759613,-21.93935921195098,0 -42.60634010711588,-21.93872946068718,0 -42.60700398071121,-21.93964582300778,0 
						</coordinates>
					</LinearRing>
				</outerBoundaryIs>
			</Polygon>
		</Placemark>
		<Placemark>
			<name>Q - 04</name>
			<styleUrl>#msn_ylw-pushpin242</styleUrl>
			<Polygon>
				<tessellate>1</tessellate>
				<outerBoundaryIs>
					<LinearRing>
						<coordinates>
							-42.60785993886625,-21.93926189645825,0 -42.60804270982108,-21.93958036254836,0 -42.6075737434878,-21.94007527959495,0 -42.60770408087387,-21.94019202809253,0 -42.60707018877999,-21.94089734196871,0 -42.6069199063036,-21.94077495473618,0 -42.60680516989279,-21.94059985132296,0 -42.60658219012769,-21.94015499021544,0 -42.60670100115029,-21.94003337071429,0 -42.60703287638678,-21.93968068532828,0 -42.60719816590338,-21.93992222837571,0 -42.60785993886625,-21.93926189645825,0 
						</coordinates>
					</LinearRing>
				</outerBoundaryIs>
			</Polygon>
		</Placemark>
		<Placemark>
			<name>Q - 05</name>
			<styleUrl>#msn_ylw-pushpin242</styleUrl>
			<Polygon>
				<tessellate>1</tessellate>
				<outerBoundaryIs>
					<LinearRing>
						<coordinates>
							-42.60717123409821,-21.93809823330777,0 -42.60781777057851,-21.93920367749005,0 -42.60719749301572,-21.93982489681296,0 -42.60635912143944,-21.93865909313568,0 -42.60649372469685,-21.93839506084981,0 -42.60717123409821,-21.93809823330777,0 
						</coordinates>
					</LinearRing>
				</outerBoundaryIs>
			</Polygon>
		</Placemark>
		<Placemark>
			<name>Q - 06</name>
			<styleUrl>#msn_ylw-pushpin242</styleUrl>
			<Polygon>
				<tessellate>1</tessellate>
				<outerBoundaryIs>
					<LinearRing>
						<coordinates>
							-42.60762658068352,-21.93785316627887,0 -42.60823988475713,-21.93877089658636,0 -42.60785783876501,-21.93914601172974,0 -42.60723459644696,-21.93806867204967,0 -42.60762658068352,-21.93785316627887,0 
						</coordinates>
					</LinearRing>
				</outerBoundaryIs>
			</Polygon>
		</Placemark>
		<Placemark>
			<name>Q - 07</name>
			<styleUrl>#msn_ylw-pushpin242</styleUrl>
			<Polygon>
				<tessellate>1</tessellate>
				<outerBoundaryIs>
					<LinearRing>
						<coordinates>
							-42.60727638557768,-21.93795692117875,0 -42.60701910354818,-21.9374665507513,0 -42.60778053228724,-21.93709027459511,0 -42.60802294567799,-21.93757776584782,0 -42.60727638557768,-21.93795692117875,0 
						</coordinates>
					</LinearRing>
				</outerBoundaryIs>
			</Polygon>
		</Placemark>
		<Placemark>
			<name>Q - 08</name>
			<LookAt>
				<longitude>-42.60572325312241</longitude>
				<latitude>-21.93691398979813</latitude>
				<altitude>0</altitude>
				<heading>85.62087112388784</heading>
				<tilt>17.67010180743504</tilt>
				<range>359.7883365832311</range>
				<gx:altitudeMode>relativeToSeaFloor</gx:altitudeMode>
			</LookAt>
			<styleUrl>#msn_ylw-pushpin242</styleUrl>
			<Polygon>
				<tessellate>1</tessellate>
				<outerBoundaryIs>
					<LinearRing>
						<coordinates>
							-42.60658790308636,-21.93699444412017,0 -42.60713489119806,-21.93802845708631,0 -42.60648878265073,-21.93831692118044,0 -42.60580829475152,-21.93740469320154,0 -42.60582282502893,-21.9373289689036,0 -42.60658790308636,-21.93699444412017,0 
						</coordinates>
					</LinearRing>
				</outerBoundaryIs>
			</Polygon>
		</Placemark>
		<Placemark>
			<name>Q - 09</name>
			<styleUrl>#msn_ylw-pushpin242</styleUrl>
			<Polygon>
				<tessellate>1</tessellate>
				<outerBoundaryIs>
					<LinearRing>
						<coordinates>
							-42.60697829395664,-21.93741924679078,0 -42.60672181668964,-21.93695775507206,0 -42.60751634691236,-21.9365836957484,0 -42.60775835727735,-21.93703199390297,0 -42.60697829395664,-21.93741924679078,0 
						</coordinates>
					</LinearRing>
				</outerBoundaryIs>
			</Polygon>
		</Placemark>
		<Placemark>
			<name>Q - 10</name>
			<styleUrl>#msn_ylw-pushpin242</styleUrl>
			<Polygon>
				<tessellate>1</tessellate>
				<outerBoundaryIs>
					<LinearRing>
						<coordinates>
							-42.60599007400291,-21.93588404925705,0 -42.60654757706548,-21.9369228059906,0 -42.60577125429526,-21.93728270913067,0 -42.6056864462981,-21.9372569991933,0 -42.6050271464493,-21.93634980622825,0 -42.60599007400291,-21.93588404925705,0 
						</coordinates>
					</LinearRing>
				</outerBoundaryIs>
			</Polygon>
		</Placemark>
		<Placemark>
			<name>Q - 11</name>
			<styleUrl>#msn_ylw-pushpin242</styleUrl>
			<Polygon>
				<tessellate>1</tessellate>
				<outerBoundaryIs>
					<LinearRing>
						<coordinates>
							-42.60688843714832,-21.93543807030175,0 -42.60747038513561,-21.93652548827994,0 -42.60668459168554,-21.93691195921107,0 -42.60609792229361,-21.93583552871461,0 -42.60688843714832,-21.93543807030175,0 
						</coordinates>
					</LinearRing>
				</outerBoundaryIs>
			</Polygon>
		</Placemark>
		<Placemark>
			<name>Q - 12</name>
			<styleUrl>#msn_ylw-pushpin242</styleUrl>
			<Polygon>
				<tessellate>1</tessellate>
				<outerBoundaryIs>
					<LinearRing>
						<coordinates>
							-42.60538347641921,-21.93476833641031,0 -42.60594633881951,-21.93580886954021,0 -42.60498121641218,-21.93627259518986,0 -42.60472785792492,-21.93579821073983,0 -42.6044965257433,-21.9352282219137,0 -42.60538347641921,-21.93476833641031,0 
						</coordinates>
					</LinearRing>
				</outerBoundaryIs>
			</Polygon>
		</Placemark>
		<Placemark>
			<name>Q - 13</name>
			<styleUrl>#msn_ylw-pushpin242</styleUrl>
			<Polygon>
				<tessellate>1</tessellate>
				<outerBoundaryIs>
					<LinearRing>
						<coordinates>
							-42.60627406499106,-21.93433349321587,0 -42.60683283642731,-21.93537338614499,0 -42.60602422066687,-21.93576818522507,0 -42.60546648748079,-21.9347391165754,0 -42.60627406499106,-21.93433349321587,0 
						</coordinates>
					</LinearRing>
				</outerBoundaryIs>
			</Polygon>
		</Placemark>
		<Placemark>
			<name>Q - 14</name>
			<styleUrl>#msn_ylw-pushpin242</styleUrl>
			<Polygon>
				<tessellate>1</tessellate>
				<outerBoundaryIs>
					<LinearRing>
						<coordinates>
							-42.60533491340288,-21.9347200456219,0 -42.60447839853017,-21.93516719056035,0 -42.60425759021999,-21.93433498033076,0 -42.60493047199643,-21.93393649743535,0 -42.60533491340288,-21.9347200456219,0 
						</coordinates>
					</LinearRing>
				</outerBoundaryIs>
			</Polygon>
		</Placemark>
		<Placemark>
			<name>Q - 15</name>
			<LookAt>
				<longitude>-42.60541005626336</longitude>
				<latitude>-21.93313529631912</latitude>
				<altitude>0</altitude>
				<heading>-17.29404468077638</heading>
				<tilt>30.00135353846048</tilt>
				<range>301.008027706288</range>
				<gx:altitudeMode>relativeToSeaFloor</gx:altitudeMode>
			</LookAt>
			<styleUrl>#msn_ylw-pushpin242</styleUrl>
			<Polygon>
				<tessellate>1</tessellate>
				<outerBoundaryIs>
					<LinearRing>
						<coordinates>
							-42.60579871607116,-21.93350909542835,0 -42.60623232629845,-21.93428934225308,0 -42.60542816065521,-21.93469595584565,0 -42.6049977378557,-21.93389328993446,0 -42.60579871607116,-21.93350909542835,0 
						</coordinates>
					</LinearRing>
				</outerBoundaryIs>
			</Polygon>
		</Placemark>
		<Placemark>
			<name>Q - 16</name>
			<styleUrl>#msn_ylw-pushpin242</styleUrl>
			<Polygon>
				<tessellate>1</tessellate>
				<outerBoundaryIs>
					<LinearRing>
						<coordinates>
							-42.6042463013574,-21.93425568796608,0 -42.6039544955709,-21.9344232006648,0 -42.60355835251696,-21.93475112869316,0 -42.6036110862137,-21.93445280820893,0 -42.60379332269475,-21.93404507768544,0 -42.60451792967247,-21.93319269805285,0 -42.60489836284754,-21.933881821832,0 -42.6042463013574,-21.93425568796608,0 
						</coordinates>
					</LinearRing>
				</outerBoundaryIs>
			</Polygon>
		</Placemark>
		<Placemark>
			<name>Q - 17</name>
			<styleUrl>#msn_ylw-pushpin242</styleUrl>
			<Polygon>
				<tessellate>1</tessellate>
				<outerBoundaryIs>
					<LinearRing>
						<coordinates>
							-42.60577605872896,-21.93345226479644,0 -42.60495993154336,-21.93383423654933,0 -42.60458296697087,-21.93313728913867,0 -42.60486876114378,-21.9329205009257,0 -42.60535079171365,-21.93269941140002,0 -42.60577605872896,-21.93345226479644,0 
						</coordinates>
					</LinearRing>
				</outerBoundaryIs>
			</Polygon>
		</Placemark>
	</Folder>
	<Folder id="BOAIDEIA">
		<name>BOA IDEIA</name>
		<Placemark>
			<name>Q - 01</name>
			<styleUrl>#msn_ylw-pushpin222</styleUrl>
			<Polygon>
				<tessellate>1</tessellate>
				<outerBoundaryIs>
					<LinearRing>
						<coordinates>
							-42.60298298635792,-21.9405486276871,0 -42.60309501070266,-21.94044078149133,0 -42.60331222367297,-21.94024610238656,0 -42.60339921023677,-21.94021417428394,0 -42.60350041690438,-21.94022879486247,0 -42.60357024779381,-21.94030221664378,0 -42.60382254518226,-21.9422320767694,0 -42.60325543463551,-21.94227402910693,0 -42.60298298635792,-21.9405486276871,0 
						</coordinates>
					</LinearRing>
				</outerBoundaryIs>
			</Polygon>
		</Placemark>
		<Placemark>
			<name>Q - 02</name>
			<styleUrl>#msn_ylw-pushpin222</styleUrl>
			<Polygon>
				<tessellate>1</tessellate>
				<outerBoundaryIs>
					<LinearRing>
						<coordinates>
							-42.6025092067573,-21.94097153857774,0 -42.60292379773527,-21.94059279136311,0 -42.60322450774925,-21.94241578530627,0 -42.60340300841042,-21.94389389274351,0 -42.60335078180416,-21.94396066445544,0 -42.6032195249036,-21.94399728981909,0 -42.60315009708195,-21.944012200445,0 -42.60304005838981,-21.94397149711058,0 -42.6029549003206,-21.94389008840596,0 -42.6025092067573,-21.94097153857774,0 
						</coordinates>
					</LinearRing>
				</outerBoundaryIs>
			</Polygon>
		</Placemark>
		<Placemark>
			<name>Q - 03</name>
			<styleUrl>#msn_ylw-pushpin222</styleUrl>
			<Polygon>
				<tessellate>1</tessellate>
				<outerBoundaryIs>
					<LinearRing>
						<coordinates>
							-42.60087366964437,-21.94179948368037,0 -42.60219446114947,-21.94063182476312,0 -42.6024997445549,-21.94089129338273,0 -42.60138281041285,-21.94189020733054,0 -42.60124961764467,-21.94193483313499,0 -42.60116739782767,-21.94194933271626,0 -42.60087366964437,-21.94179948368037,0 
						</coordinates>
					</LinearRing>
				</outerBoundaryIs>
			</Polygon>
		</Placemark>
		<Placemark>
			<name>Q - 04</name>
			<styleUrl>#msn_ylw-pushpin1801</styleUrl>
			<Polygon>
				<tessellate>1</tessellate>
				<outerBoundaryIs>
					<LinearRing>
						<coordinates>
							-42.60076664730362,-21.94179099052858,0 -42.60043822287253,-21.94156740686605,0 -42.60183469781749,-21.94032554643372,0 -42.60216022026523,-21.94061897492089,0 -42.60081768062246,-21.94177016235672,0 -42.60076664730362,-21.94179099052858,0 
						</coordinates>
					</LinearRing>
				</outerBoundaryIs>
			</Polygon>
		</Placemark>
		<Placemark>
			<name>Q - 05</name>
			<styleUrl>#msn_ylw-pushpin00000</styleUrl>
			<Polygon>
				<tessellate>1</tessellate>
				<outerBoundaryIs>
					<LinearRing>
						<coordinates>
							-42.60221166238716,-21.94057536988499,0 -42.60188349605372,-21.94031247483165,0 -42.60255279440165,-21.93976782107069,0 -42.60284879874968,-21.93997016657437,0 -42.60221166238716,-21.94057536988499,0 
						</coordinates>
					</LinearRing>
				</outerBoundaryIs>
			</Polygon>
		</Placemark>
		<Placemark>
			<name>Q - 06</name>
			<styleUrl>#msn_ylw-pushpin00000</styleUrl>
			<Polygon>
				<tessellate>1</tessellate>
				<outerBoundaryIs>
					<LinearRing>
						<coordinates>
							-42.60253969376069,-21.94087527144068,0 -42.60223744523759,-21.94060542028245,0 -42.60290769708165,-21.94001272852819,0 -42.60321863084415,-21.94025871230645,0 -42.60253969376069,-21.94087527144068,0 
						</coordinates>
					</LinearRing>
				</outerBoundaryIs>
			</Polygon>
		</Placemark>
		<Placemark>
			<name>Q - 07</name>
			<LookAt>
				<longitude>-42.60141974567808</longitude>
				<latitude>-21.93966348325454</latitude>
				<altitude>0</altitude>
				<heading>31.05462695713534</heading>
				<tilt>30.00176791496585</tilt>
				<range>393.2873414502416</range>
				<gx:altitudeMode>relativeToSeaFloor</gx:altitudeMode>
			</LookAt>
			<styleUrl>#msn_ylw-pushpin222</styleUrl>
			<Polygon>
				<tessellate>1</tessellate>
				<outerBoundaryIs>
					<LinearRing>
						<coordinates>
							-42.60283643008313,-21.93991820992058,0 -42.60256911946561,-21.93970964647049,0 -42.60254700359508,-21.93938463145186,0 -42.60243156587034,-21.93902983589992,0 -42.60228669298787,-21.93883448529154,0 -42.60202657470101,-21.93867194592129,0 -42.60178293502862,-21.9385094044704,0 -42.60169376328711,-21.9384192948093,0 -42.60169716383821,-21.93825712063868,0 -42.60173370092613,-21.93812921320307,0 -42.60257157569229,-21.9384813105811,0 -42.60253864142187,-21.93854394836752,0 -42.60256335868986,-21.93868772976502,0 -42.60286522130643,-21.93989535464654,0 -42.60283643008313,-21.93991820992058,0 
						</coordinates>
					</LinearRing>
				</outerBoundaryIs>
			</Polygon>
		</Placemark>
		<Placemark>
			<name>Q - 08</name>
			<styleUrl>#msn_ylw-pushpin00000</styleUrl>
			<Polygon>
				<tessellate>1</tessellate>
				<outerBoundaryIs>
					<LinearRing>
						<coordinates>
							-42.60293314617357,-21.93995162566429,0 -42.60284742799787,-21.93965753973726,0 -42.60274721013796,-21.93924112766484,0 -42.60257833638545,-21.93857946417357,0 -42.60261712009311,-21.93851898301465,0 -42.60296072630402,-21.93863469205884,0 -42.60333058762804,-21.94016251073105,0 -42.60325610076107,-21.94023137675774,0 -42.60293314617357,-21.93995162566429,0 
						</coordinates>
					</LinearRing>
				</outerBoundaryIs>
			</Polygon>
		</Placemark>
		<Placemark>
			<name>Q - 09</name>
			<styleUrl>#msn_ylw-pushpin00000</styleUrl>
			<Polygon>
				<tessellate>1</tessellate>
				<outerBoundaryIs>
					<LinearRing>
						<coordinates>
							-42.60301640038202,-21.93859186215998,0 -42.60294646801249,-21.93811348432967,0 -42.60275816146386,-21.93772583236085,0 -42.60257429490834,-21.93759644875985,0 -42.60235396243198,-21.93748536230163,0 -42.60164403173876,-21.93707236482257,0 -42.60121722827789,-21.93681382642116,0 -42.60074805899124,-21.93651193064103,0 -42.60123382296072,-21.93645610746036,0 -42.60141484292748,-21.93645288196764,0 -42.60179340205186,-21.9363917656021,0 -42.60209999106168,-21.93670173622381,0 -42.60236177454012,-21.93695229437749,0 -42.6028942522344,-21.93729594616667,0 -42.60313610213001,-21.93740257995346,0 -42.60334355587928,-21.93806852908241,0 -42.60342593026201,-21.9383292688088,0 -42.60348367590691,-21.93890495882316,0 -42.60351975168254,-21.93931968991117,0 -42.60361825990707,-21.93958257259537,0 -42.60378115577552,-21.93971078371057,0 -42.60486869125416,-21.93978271578109,0 -42.60489457548812,-21.94007830852627,0 -42.60337262817494,-21.94012446804649,0 -42.60301640038202,-21.93859186215998,0 
						</coordinates>
					</LinearRing>
				</outerBoundaryIs>
			</Polygon>
		</Placemark>
		<Placemark>
			<name>Q - 10</name>
			<styleUrl>#msn_ylw-pushpin1801</styleUrl>
			<Polygon>
				<tessellate>1</tessellate>
				<outerBoundaryIs>
					<LinearRing>
						<coordinates>
							-42.60294133843668,-21.9385891555581,0 -42.60173791494552,-21.93808811788229,0 -42.6016493884192,-21.93799492710139,0 -42.60206870864766,-21.93737325174987,0 -42.60270036839096,-21.93774644355113,0 -42.60291859876077,-21.93817034280707,0 -42.60294133843668,-21.9385891555581,0 
						</coordinates>
					</LinearRing>
				</outerBoundaryIs>
			</Polygon>
		</Placemark>
		<Placemark>
			<name>Q - 11</name>
			<styleUrl>#msn_ylw-pushpin00000</styleUrl>
			<Polygon>
				<tessellate>1</tessellate>
				<outerBoundaryIs>
					<LinearRing>
						<coordinates>
							-42.60026425948072,-21.93682719699157,0 -42.60069352068629,-21.93653922447606,0 -42.60125590961369,-21.93689773701086,0 -42.60200862909938,-21.9373330002647,0 -42.60181369070208,-21.93765771235989,0 -42.60026425948072,-21.93682719699157,0 
						</coordinates>
					</LinearRing>
				</outerBoundaryIs>
			</Polygon>
		</Placemark>
		<Placemark>
			<name>Q - 12</name>
			<styleUrl>#msn_ylw-pushpin222</styleUrl>
			<Polygon>
				<tessellate>1</tessellate>
				<outerBoundaryIs>
					<LinearRing>
						<coordinates>
							-42.60159581478329,-21.93795091479936,0 -42.60053326331819,-21.93742552252646,0 -42.60026281984086,-21.93731272700999,0 -42.60001368040049,-21.9372785365778,0 -42.59993562534168,-21.93706498702722,0 -42.60019689419274,-21.93685659599268,0 -42.60178207160168,-21.93770179972486,0 -42.60161213385631,-21.93797492574851,0 -42.60159581478329,-21.93795091479936,0 
						</coordinates>
					</LinearRing>
				</outerBoundaryIs>
			</Polygon>
		</Placemark>
		<Placemark>
			<name>Q - 13</name>
			<styleUrl>#msn_ylw-pushpin222</styleUrl>
			<Polygon>
				<tessellate>1</tessellate>
				<outerBoundaryIs>
					<LinearRing>
						<coordinates>
							-42.60004459021733,-21.9373408177324,0 -42.60029405388394,-21.93739226365545,0 -42.60092239433882,-21.93767911003088,0 -42.60160687340319,-21.93801037609715,0 -42.60167074048501,-21.93807515956784,0 -42.60165053025676,-21.93822068387991,0 -42.60163507715279,-21.93829436514335,0 -42.60165889874848,-21.93848326634016,0 -42.6019410181802,-21.93868184092599,0 -42.60215565638485,-21.93882325755392,0 -42.60232923504226,-21.93897266654173,0 -42.60242823955741,-21.93915840615048,0 -42.60251961338004,-21.93957009342517,0 -42.60250457022651,-21.93967334071114,0 -42.60229708064399,-21.93987778893681,0 -42.60187765853432,-21.94023068943323,0 -42.60159875403023,-21.94047578805162,0 -42.60131730178261,-21.94075367794743,0 -42.60100044401791,-21.94045190274104,0 -42.60128537638802,-21.94021771481594,0 -42.60122606271578,-21.94016958183191,0 -42.60093796505078,-21.93986456514532,0 -42.60045695898156,-21.94022967346174,0 -42.60039523712025,-21.94020928989267,0 -42.60036683997731,-21.93960166977201,0 -42.60029324148643,-21.93885323955291,0 -42.6002269661936,-21.93821563811103,0 -42.60008282366656,-21.93758540148775,0 -42.60004459021733,-21.9373408177324,0 
						</coordinates>
					</LinearRing>
				</outerBoundaryIs>
			</Polygon>
		</Placemark>
		<Placemark>
			<name>Q - 13/1</name>
			<styleUrl>#msn_ylw-pushpin1801</styleUrl>
			<Polygon>
				<tessellate>1</tessellate>
				<outerBoundaryIs>
					<LinearRing>
						<coordinates>
							-42.60093107613955,-21.94044988426489,0 -42.6003170724651,-21.94095800367709,0 -42.60025745976597,-21.94090998479458,0 -42.60037838738252,-21.94036169285768,0 -42.60091566993211,-21.93992923929714,0 -42.60120558461375,-21.94021031314682,0 -42.60093107613955,-21.94044988426489,0 
						</coordinates>
					</LinearRing>
				</outerBoundaryIs>
			</Polygon>
		</Placemark>
		<Placemark>
			<name>Q - 14</name>
			<styleUrl>#msn_ylw-pushpin1801</styleUrl>
			<Polygon>
				<tessellate>1</tessellate>
				<outerBoundaryIs>
					<LinearRing>
						<coordinates>
							-42.60040251998726,-21.94154175176058,0 -42.60032880753123,-21.94153926631484,0 -42.60023600221437,-21.9414492179215,0 -42.60020456468097,-21.94133674840408,0 -42.60019425735976,-21.94122516446808,0 -42.60020336329799,-21.94112909497821,0 -42.6002925516212,-21.94103107538001,0 -42.6002987856453,-21.94102649002275,0 -42.60097694419421,-21.94047481005542,0 -42.60127943519918,-21.94075882067663,0 -42.60040251998726,-21.94154175176058,0 
						</coordinates>
					</LinearRing>
				</outerBoundaryIs>
			</Polygon>
		</Placemark>
		<Placemark>
			<name>Q - 15</name>
			<styleUrl>#msn_ylw-pushpin222</styleUrl>
			<Polygon>
				<tessellate>1</tessellate>
				<outerBoundaryIs>
					<LinearRing>
						<coordinates>
							-42.59985815430801,-21.93710782846913,0 -42.60004168488381,-21.9376729099762,0 -42.60017635811027,-21.93844229083985,0 -42.6002729146694,-21.93918377252891,0 -42.60032743080455,-21.93993224477101,0 -42.60027362984699,-21.94057010967468,0 -42.60014288599551,-21.94105582168157,0 -42.60011951798688,-21.94133208061291,0 -42.60019484611757,-21.94150206265679,0 -42.60055740660369,-21.94172575829391,0 -42.60091278007749,-21.94191970227593,0 -42.60121972005445,-21.94204661410723,0 -42.60145139123928,-21.94194248046456,0 -42.60175456013177,-21.94163031512366,0 -42.60213015915899,-21.94128975808607,0 -42.60246826893471,-21.9410072310752,0 -42.60253261447512,-21.94138659818672,0 -42.60259795001974,-21.94187210644981,0 -42.60265356922773,-21.94223685380241,0 -42.60271289461885,-21.9426727498641,0 -42.60277565230896,-21.9431018996375,0 -42.60284486433859,-21.94354485274992,0 -42.60287424507445,-21.94383333937662,0 -42.60287447309479,-21.94399996391914,0 -42.60293586197443,-21.94406009982921,0 -42.60305746964831,-21.94410328931687,0 -42.6031974719448,-21.94409936181392,0 -42.6032916382153,-21.94408673511106,0 -42.60339931848206,-21.94403824791193,0 -42.6034468034292,-21.94396602161241,0 -42.6034350624585,-21.9436472910035,0 -42.60337113532955,-21.9432167680137,0 -42.60333255114683,-21.94286502163676,0 -42.60327547813268,-21.94247528155322,0 -42.60326944328574,-21.94234051372454,0 -42.60384299649602,-21.94229983819868,0 -42.6038332249826,-21.94252862823174,0 -42.60379535746815,-21.94312251417493,0 -42.60379321013056,-21.94357162604376,0 -42.60378497259606,-21.94391426729439,0 -42.60376604595869,-21.94416653420748,0 -42.60343476577956,-21.94420333752254,0 -42.60282740787167,-21.94419518881796,0 -42.60205410192965,-21.94264002855032,0 -42.60119426766674,-21.94230389409569,0 -42.60014225736347,-21.94200532257897,0 -42.59954556822198,-21.9414736335214,0 -42.59933516094697,-21.9410368082913,0 -42.59963792474547,-21.93941857947354,0 -42.59957182481219,-21.9386494105066,0 -42.59860151526027,-21.93779947814823,0 -42.59985815430801,-21.93710782846913,0 
						</coordinates>
					</LinearRing>
				</outerBoundaryIs>
			</Polygon>
		</Placemark>
		<Placemark>
			<name>Q - 09/1</name>
			<Camera>
				<longitude>-42.60720312505893</longitude>
				<latitude>-21.93683626106227</latitude>
				<altitude>697.2852929176854</altitude>
				<heading>94.36696267764277</heading>
				<tilt>30.70179740879141</tilt>
				<roll>-6.793049920763166</roll>
				<gx:altitudeMode>relativeToSeaFloor</gx:altitudeMode>
			</Camera>
			<styleUrl>#msn_ylw-pushpin00000</styleUrl>
			<Polygon>
				<tessellate>1</tessellate>
				<outerBoundaryIs>
					<LinearRing>
						<coordinates>
							-42.60184768808531,-21.93634950886511,0 -42.60227989661229,-21.93620897550771,0 -42.60275904376236,-21.93676703849349,0 -42.60300368872822,-21.93701745665619,0 -42.6031302323475,-21.93732159710381,0 -42.60270144554073,-21.93711729666282,0 -42.60220760631154,-21.93672581340641,0 -42.60184768808531,-21.93634950886511,0 
						</coordinates>
					</LinearRing>
				</outerBoundaryIs>
			</Polygon>
		</Placemark>
	</Folder>
	<Folder id="BOTAFOGO">
		<name>BOTAFOGO</name>
		<Placemark>
			<name>Q - 01</name>
			<LookAt>
				<longitude>-42.60524530802063</longitude>
				<latitude>-21.94073968840321</latitude>
				<altitude>0</altitude>
				<heading>88.98045400435851</heading>
				<tilt>20.97035811731324</tilt>
				<range>500.5918203752948</range>
				<gx:altitudeMode>relativeToSeaFloor</gx:altitudeMode>
			</LookAt>
			<styleUrl>#msn_ylw-pushpin191</styleUrl>
			<Polygon>
				<tessellate>1</tessellate>
				<outerBoundaryIs>
					<LinearRing>
						<coordinates>
							-42.60641383778491,-21.94099351898753,0 -42.60658188418966,-21.94125614423646,0 -42.60674708799807,-21.94142257423274,0 -42.60685764274148,-21.94150759518333,0 -42.60729408407671,-21.94170769151693,0 -42.60769832617049,-21.9418833202467,0 -42.60709264784804,-21.94180254032064,0 -42.60688819737889,-21.94181930084363,0 -42.60651231099036,-21.94193951859249,0 -42.60636675111867,-21.94206063198049,0 -42.60630432006404,-21.94216001753908,0 -42.60621638924417,-21.94237142511678,0 -42.6062120247831,-21.94247009482898,0 -42.60566740475843,-21.94251582810654,0 -42.60555585169818,-21.94214141276919,0 -42.60553895483868,-21.94198161214567,0 -42.60544123405407,-21.94174326765802,0 -42.60578475742948,-21.94163421056644,0 -42.60608474662793,-21.94153130550072,0 -42.60589898178268,-21.94108680017119,0 -42.60641383778491,-21.94099351898753,0 
						</coordinates>
					</LinearRing>
				</outerBoundaryIs>
			</Polygon>
		</Placemark>
		<Placemark>
			<name>Q - 02</name>
			<styleUrl>#msn_ylw-pushpin191</styleUrl>
			<Polygon>
				<tessellate>1</tessellate>
				<outerBoundaryIs>
					<LinearRing>
						<coordinates>
							-42.60506983217237,-21.94083526914032,0 -42.60533957229775,-21.94169398054,0 -42.60563594239171,-21.94250897373701,0 -42.60471282301781,-21.94265935988382,0 -42.60468709008145,-21.94223299089217,0 -42.60387427848219,-21.94225973057794,0 -42.60363607395958,-21.94033170550751,0 -42.60493337858129,-21.94018825759653,0 -42.60506983217237,-21.94083526914032,0 
						</coordinates>
					</LinearRing>
				</outerBoundaryIs>
			</Polygon>
		</Placemark>
		<Placemark>
			<name>Q - 03</name>
			<styleUrl>#msn_ylw-pushpin191</styleUrl>
			<Polygon>
				<tessellate>1</tessellate>
				<outerBoundaryIs>
					<LinearRing>
						<coordinates>
							-42.60494702135976,-21.9401739694646,0 -42.60520199279762,-21.94013516108952,0 -42.605431379764,-21.94069998190188,0 -42.60542106297766,-21.9406999329483,0 -42.60508205695862,-21.9408375606322,0 -42.60494702135976,-21.9401739694646,0 
						</coordinates>
					</LinearRing>
				</outerBoundaryIs>
			</Polygon>
		</Placemark>
		<Placemark>
			<name>Q - 04</name>
			<Camera>
				<longitude>-42.6070431612734</longitude>
				<latitude>-21.94050706205814</latitude>
				<altitude>501.9779652151652</altitude>
				<heading>81.49398981333179</heading>
				<tilt>14.35392446394306</tilt>
				<roll>-6.734253793540145</roll>
				<gx:altitudeMode>relativeToSeaFloor</gx:altitudeMode>
			</Camera>
			<styleUrl>#msn_ylw-pushpin191</styleUrl>
			<Polygon>
				<tessellate>1</tessellate>
				<outerBoundaryIs>
					<LinearRing>
						<coordinates>
							-42.60577923879654,-21.94055096013355,0 -42.60571923731742,-21.94035330196285,0 -42.60583919086724,-21.94032183404272,0 -42.60572552787814,-21.94005421130645,0 -42.6060860866439,-21.93997191854443,0 -42.606104465824,-21.94002488058634,0 -42.60617425409973,-21.9402192429368,0 -42.60623017297669,-21.94036211250234,0 -42.60628999888698,-21.94051496468768,0 -42.60635254017689,-21.94072535047681,0 -42.60640572810901,-21.94096100157255,0 -42.6058883599208,-21.94105783958744,0 -42.60584012897687,-21.94090345937354,0 -42.60573929171388,-21.94060978996377,0 -42.60577923879654,-21.94055096013355,0 
						</coordinates>
					</LinearRing>
				</outerBoundaryIs>
			</Polygon>
		</Placemark>
		<Placemark>
			<name>Q - 05</name>
			<styleUrl>#msn_ylw-pushpin191</styleUrl>
			<Polygon>
				<tessellate>1</tessellate>
				<outerBoundaryIs>
					<LinearRing>
						<coordinates>
							-42.6054225270655,-21.94059106318667,0 -42.60520595749536,-21.93999705819498,0 -42.60535108774105,-21.93939754026123,0 -42.60604317874405,-21.93947852030417,0 -42.60600869968023,-21.93969579714891,0 -42.60606743444515,-21.93994369672169,0 -42.60566989409992,-21.94002453962247,0 -42.60577179428563,-21.94029824412684,0 -42.60565195954235,-21.94032736425075,0 -42.60572110021221,-21.9405074740487,0 -42.6054225270655,-21.94059106318667,0 
						</coordinates>
					</LinearRing>
				</outerBoundaryIs>
			</Polygon>
		</Placemark>
		<Placemark>
			<name>Q - 06</name>
			<styleUrl>#msn_ylw-pushpin191</styleUrl>
			<Polygon>
				<tessellate>1</tessellate>
				<outerBoundaryIs>
					<LinearRing>
						<coordinates>
							-42.60536810444416,-21.93933990378002,0 -42.60545763154868,-21.93890459180639,0 -42.60616897398345,-21.93904856230895,0 -42.60605227053514,-21.93943191608372,0 -42.60536810444416,-21.93933990378002,0 
						</coordinates>
					</LinearRing>
				</outerBoundaryIs>
			</Polygon>
		</Placemark>
		<Placemark>
			<name>Q - 07</name>
			<styleUrl>#msn_ylw-pushpin191</styleUrl>
			<Polygon>
				<tessellate>1</tessellate>
				<outerBoundaryIs>
					<LinearRing>
						<coordinates>
							-42.60547266369526,-21.93884684915866,0 -42.60581289333484,-21.93754931987563,0 -42.60644416900566,-21.93834768558064,0 -42.60617826829245,-21.93898966652754,0 -42.60547266369526,-21.93884684915866,0 
						</coordinates>
					</LinearRing>
				</outerBoundaryIs>
			</Polygon>
		</Placemark>
		<Placemark>
			<name>Q - 08</name>
			<styleUrl>#msn_ylw-pushpin191</styleUrl>
			<Polygon>
				<tessellate>1</tessellate>
				<outerBoundaryIs>
					<LinearRing>
						<coordinates>
							-42.60489836740471,-21.94016203210328,0 -42.60360815498957,-21.94029339025534,0 -42.60360582224762,-21.94018745178589,0 -42.60490274032903,-21.94011360833844,0 -42.60489836740471,-21.94016203210328,0 
						</coordinates>
					</LinearRing>
				</outerBoundaryIs>
			</Polygon>
		</Placemark>
		<Placemark>
			<name>Q - 09</name>
			<styleUrl>#msn_ylw-pushpin191</styleUrl>
			<Polygon>
				<tessellate>1</tessellate>
				<outerBoundaryIs>
					<LinearRing>
						<coordinates>
							-42.60413813228198,-21.93967394497667,0 -42.60378990734571,-21.93963799840082,0 -42.60373010873007,-21.93956246497635,0 -42.60364618003514,-21.93943488282691,0 -42.60357423993026,-21.93928197447827,0 -42.60360306855232,-21.93928702483602,0 -42.6038716659045,-21.93940887108231,0 -42.60419584908097,-21.9394428575491,0 -42.60447888675936,-21.93941251618396,0 -42.60453697545761,-21.93935649126303,0 -42.6045951635115,-21.93924881397847,0 -42.60460517555193,-21.93902960270949,0 -42.60455995772799,-21.93874668736457,0 -42.60449780960484,-21.93846113133849,0 -42.60440915975907,-21.93818074571024,0 -42.60434556613934,-21.93795916941428,0 -42.60423754635169,-21.93770612510814,0 -42.60414129402891,-21.9374665181704,0 -42.60449025660157,-21.93726663511368,0 -42.60475876620988,-21.93769450257777,0 -42.60487178346327,-21.93789336124461,0 -42.60489237634753,-21.93874616488933,0 -42.60487456368271,-21.93970219027746,0 -42.60413813228198,-21.93967394497667,0 
						</coordinates>
					</LinearRing>
				</outerBoundaryIs>
			</Polygon>
		</Placemark>
		<Placemark>
			<name>Q - 10</name>
			<styleUrl>#msn_ylw-pushpin191</styleUrl>
			<Polygon>
				<tessellate>1</tessellate>
				<outerBoundaryIs>
					<LinearRing>
						<coordinates>
							-42.60495666071419,-21.93991143905002,0 -42.60492255812545,-21.93785676371478,0 -42.60452060613976,-21.93720389107996,0 -42.60409014001227,-21.93742192915362,0 -42.60439037482598,-21.93837007258072,0 -42.60451270089682,-21.93899544406847,0 -42.60447512421131,-21.93930392821823,0 -42.60414543545723,-21.93936724749093,0 -42.60414530174963,-21.9393632906547,0 -42.60381282763079,-21.93932528527224,0 -42.60357980472186,-21.93918474326786,0 -42.603524627274,-21.93885581781051,0 -42.60350266021026,-21.93842772735279,0 -42.60337806909359,-21.9379811147032,0 -42.60321398117213,-21.93746483595387,0 -42.60312994242256,-21.93716418355774,0 -42.6030218026569,-21.93698135847648,0 -42.60290534662316,-21.93683014242387,0 -42.6026480301955,-21.93657597349656,0 -42.60230904237106,-21.9361835895216,0 -42.60258933051909,-21.93601902833331,0 -42.60282567963973,-21.93584789420806,0 -42.60312491924147,-21.93557427327413,0 -42.60340435310379,-21.93525121499293,0 -42.603495576855,-21.93499078856935,0 -42.60349482127793,-21.93497309852826,0 -42.60358721768846,-21.93481646255273,0 -42.60359134073055,-21.93481031620082,0 -42.60361671016259,-21.93479182265738,0 -42.60381067522612,-21.93464722169441,0 -42.60381946919573,-21.93464722213116,0 -42.60404722084766,-21.93450407217572,0 -42.60420352644771,-21.93440362948665,0 -42.60435913104942,-21.93498306948456,0 -42.60447067708413,-21.93540349996447,0 -42.60460534705428,-21.93572917671042,0 -42.60477221101011,-21.93605342527072,0 -42.604885480407,-21.93628179004727,0 -42.60491749230056,-21.93631270752693,0 -42.60505146426325,-21.93653803615939,0 -42.60517455248134,-21.93669837974037,0 -42.60524822989426,-21.93679552073499,0 -42.6053776774561,-21.93696995184632,0 -42.60553104792471,-21.93716717044733,0 -42.60567680237715,-21.93739385426593,0 -42.60568366985172,-21.93740485157598,0 -42.6057526579346,-21.93750244391718,0 -42.60542408462097,-21.93877072046358,0 -42.60531795866043,-21.93923345226058,0 -42.6052464234245,-21.93952419288533,0 -42.60516308094736,-21.93986024459726,0 -42.60511946524466,-21.94004797041996,0 -42.60495275828099,-21.94007147753925,0 -42.60495666071419,-21.93991143905002,0 
						</coordinates>
					</LinearRing>
				</outerBoundaryIs>
			</Polygon>
		</Placemark>
	</Folder>
</Document>
</kml>
